page_id	source_id	order_key	printed_page	pdf_page	section	page_kind	pass1	pass2	source_oid
PG-TASAKI2020-0001	TASAKI2020	000001	NONE	1	NONE	front_matter	complete	complete	25b34348711d911a2b1299226652453f9a914c20
PG-TASAKI2020-0002	TASAKI2020	000002	NONE	2	NONE	front_matter	complete	complete	ed8e6a0baca0b87e257a4171479850e09c523d35
PG-TASAKI2020-0003	TASAKI2020	000003	NONE	3	NONE	front_matter	complete	complete	22d41ffccb90c4964c226392c7531644905ec8e0
PG-TASAKI2020-0004	TASAKI2020	000004	NONE	4	NONE	front_matter	complete	complete	cb02edb73920c1a1f57deb0428a69a6a29b39e02
PG-TASAKI2020-0005	TASAKI2020	000005	NONE	5	NONE	front_matter	complete	complete	864793389632cd7d57fd92586d1a1f860a987efd
PG-TASAKI2020-0006	TASAKI2020	000006	NONE	6	NONE	front_matter	complete	complete	71cba1aa82a02e8b3a55234622bba29b4c43c1d3
PG-TASAKI2020-0007	TASAKI2020	000007	vii	7	Preface	front_matter	complete	complete	759f622939daf2b55191cc8db194a98f494a06ff
PG-TASAKI2020-0008	TASAKI2020	000008	viii	8	Preface	front_matter	complete	complete	e9c4db00556cb0aaefe948a5b683cf9da8a0890a
PG-TASAKI2020-0009	TASAKI2020	000009	ix	9	Preface	front_matter	complete	complete	c09bbcd284be6afe74bd9c94132b755b77c009a1
PG-TASAKI2020-0010	TASAKI2020	000010	xi	10	Contents	front_matter	complete	complete	30615035a826eedc08a2228829064ffcbb70da31
PG-TASAKI2020-0011	TASAKI2020	000011	xii	11	Contents	front_matter	complete	complete	c82a86c889a2e0da6b3981ee040042a11f3ef7e1
PG-TASAKI2020-0012	TASAKI2020	000012	xiii	12	Contents	front_matter	complete	complete	1e26f208064f501e5bb8da4c2fcbd122176d0b1b
PG-TASAKI2020-0013	TASAKI2020	000013	xiv	13	Contents	front_matter	complete	complete	e202ebedea3daf765a663dd59bb8f8a63f254a1a
PG-TASAKI2020-0014	TASAKI2020	000014	xv	14	Contents	front_matter	complete	complete	7270ae84a1e20e133c149ffa76f39353b8d8f29f
PG-TASAKI2020-0015	TASAKI2020	000015	xvii	15	Symbols	front_matter	complete	complete	fa7abfe3cf3b8fbe20da2d35b51dd21547cab2fa
PG-TASAKI2020-0016	TASAKI2020	000016	xviii	16	Symbols	front_matter	complete	complete	831b927be1b27016a2270fea8b08d2e41bc692a4
PG-TASAKI2020-0017	TASAKI2020	000017	1	17	NONE	content	complete	complete	5f6eaff14dea6d45e7b7f949d4c770f53b4c6115
PG-TASAKI2020-0018	TASAKI2020	000018	2	18	§1.1	content	complete	complete	e3ae6d0936814ccdf5a2db122fdd650463dba1e3
PG-TASAKI2020-0019	TASAKI2020	000019	3	19	§1.1	content	complete	complete	29dad6d052f2c1a45c615e968754b911a9580c54
PG-TASAKI2020-0020	TASAKI2020	000020	4	20	§1.1	content	complete	complete	5e850e7786884eceb4f0074e10cfc871bfc8a95b
PG-TASAKI2020-0021	TASAKI2020	000021	5	21	§1.2	content	complete	complete	06934b5c29ee88f73b8d65693559516284fe3f35
PG-TASAKI2020-0022	TASAKI2020	000022	6	22	§1.2	content	complete	complete	759545e8fa8caa16a51606fbf6ac29f9654c2339
PG-TASAKI2020-0023	TASAKI2020	000023	7	23	§1.2	content	complete	complete	84172ecfcaae0a6c6b062f026ea66c98b75c8b80
PG-TASAKI2020-0024	TASAKI2020	000024	8	24	§1.2	content	complete	complete	4f83e2e0035a1fa524a5b6c8825097f93daca136
PG-TASAKI2020-0025	TASAKI2020	000025	9	25	§1.2	content	complete	complete	68f9fc09187cb951cbe14dbb15ebd5fd71d92832
PG-TASAKI2020-0026	TASAKI2020	000026	10	26	References	content	complete	complete	98b58d1bb1e1ca74deca1fb912ce9459dffbcd5b
PG-TASAKI2020-0027	TASAKI2020	000027	11	27	References	content	complete	complete	7516f59619fc33ff31ed451a6c7f75b22dd9ea59
PG-TASAKI2020-0028	TASAKI2020	000028	13	28	NONE	content	complete	complete	23d27997beb200229966b0bf5c05f35e5444b2dc
PG-TASAKI2020-0029	TASAKI2020	000029	14	29	§2.1	content	complete	complete	0eaf88e2085462f09a86550dd06f9359bd1c8dde
PG-TASAKI2020-0030	TASAKI2020	000030	15	30	§2.1	content	complete	complete	b1cd8f1e3fc3fa675128b70f2a776335cd062a58
PG-TASAKI2020-0031	TASAKI2020	000031	16	31	§2.1	content	complete	complete	f747d15287b609fb55923ba4c33ce76151850269
PG-TASAKI2020-0032	TASAKI2020	000032	17	32	§2.1	content	complete	complete	1aa1eb13278c295e6a1c57ae43adc9d727647909
PG-TASAKI2020-0033	TASAKI2020	000033	18	33	§2.1	content	complete	complete	5d28b7f6ace1aceecd43f84c83f8e1121a68c196
PG-TASAKI2020-0034	TASAKI2020	000034	19	34	§2.1	content	complete	complete	ca8bb65ff3994fb7bbc7de7954c98b047f2a11f6
PG-TASAKI2020-0035	TASAKI2020	000035	20	35	§2.1	content	complete	complete	5295feb2d188d556489f3885c105645014d13916
PG-TASAKI2020-0036	TASAKI2020	000036	21	36	§2.2	content	complete	complete	c9c4f2f7cbd88ff607470c91034ea27728f431d3
PG-TASAKI2020-0037	TASAKI2020	000037	22	37	§2.2	content	complete	complete	f8ef2119f5447a1c6805404426d4b6e25249e564
PG-TASAKI2020-0038	TASAKI2020	000038	23	38	§2.2	content	complete	complete	15ce2ff9f5aba4d4cc60ed926f244a702cc93124
PG-TASAKI2020-0039	TASAKI2020	000039	24	39	§2.2	content	complete	complete	a00f8ee5926b74d68daf7762e2f52156607895a5
PG-TASAKI2020-0040	TASAKI2020	000040	25	40	§2.2	content	complete	complete	2149d6ba84c92dab0f5b7aa72949ee0e6a58dc3e
PG-TASAKI2020-0041	TASAKI2020	000041	26	41	§2.3	content	complete	complete	fdad7b67a47824bbb02da4e086cb6cefba2feb7f
PG-TASAKI2020-0042	TASAKI2020	000042	27	42	§2.3	content	complete	complete	73befe5c7ec55e210d3aac2c617a32a72ad1f19b
PG-TASAKI2020-0043	TASAKI2020	000043	28	43	§2.3	content	complete	complete	9fc420cb0c748c4377b4b218996075a324687141
PG-TASAKI2020-0044	TASAKI2020	000044	29	44	§2.3	content	complete	complete	c6e421b6fd4de6828ff8290162bf6957202f6314
PG-TASAKI2020-0045	TASAKI2020	000045	30	45	§2.3	content	complete	complete	669accf79f17889aeda5063ec57952ea041d0c79
PG-TASAKI2020-0046	TASAKI2020	000046	31	46	§2.3	content	complete	complete	84483494c2a6ea46d83235a0395a4bd2dbabd718
PG-TASAKI2020-0047	TASAKI2020	000047	32	47	§2.4	content	complete	complete	3f6c257ed5dd0b6aa5fee8ba6a55ba39d99cca6f
PG-TASAKI2020-0048	TASAKI2020	000048	33	48	§2.4	content	complete	complete	81756c6a64208adab14d05903072fc429484df43
PG-TASAKI2020-0049	TASAKI2020	000049	34	49	§2.4	content	complete	complete	c9de44055a59566ab1fa5d64189b322458ada445
PG-TASAKI2020-0050	TASAKI2020	000050	35	50	§2.4	content	complete	complete	8fbac2e4a0dcfaf07d3054460a23f6b3e5db14d7
PG-TASAKI2020-0051	TASAKI2020	000051	36	51	§2.4	content	complete	complete	832dd0bbdbf370ab6c59ece611627249c5a1847e
PG-TASAKI2020-0052	TASAKI2020	000052	37	52	§2.5	content	complete	complete	c7dd5dbecd2395a2d087489934dcc154867bc0c8
PG-TASAKI2020-0053	TASAKI2020	000053	38	53	§2.5	content	complete	complete	dc45ad22d1f47257539362f450fae9e6f2a4bfb9
PG-TASAKI2020-0054	TASAKI2020	000054	39	54	§2.5	content	complete	complete	fcbcb419469957d5000ccdc24e27032823a257b0
PG-TASAKI2020-0055	TASAKI2020	000055	40	55	§2.5	content	complete	complete	745d01409bd3e4847f842be141284e6d8f7a23ec
PG-TASAKI2020-0056	TASAKI2020	000056	41	56	§2.5	content	complete	complete	d82b2300e1c8896150f47e4bb37829c018c53a4d
PG-TASAKI2020-0057	TASAKI2020	000057	42	57	§2.5	content	complete	complete	5560696796cdc3e138ae0200232f77748d9803a1
PG-TASAKI2020-0058	TASAKI2020	000058	43	58	§2.5	content	complete	complete	703997787ecb28a9bab7d7533489ff7d595b01f0
PG-TASAKI2020-0059	TASAKI2020	000059	44	59	§2.5	content	complete	complete	f5ccbe6df4b3febcde9ff745cc3600d348568ed9
PG-TASAKI2020-0060	TASAKI2020	000060	45	60	References	content	complete	complete	ae169cc0cf4802b4e2a2cad164a3b54cb953313b
PG-TASAKI2020-0061	TASAKI2020	000061	NONE	61	NONE	content	complete	complete	4cf30563c469edf2dff18a9a6d1ea9be23253ebe
PG-TASAKI2020-0062	TASAKI2020	000062	48	62	NONE	content	complete	complete	c5c6dc8082f9a91a80e461d2bd23255e27ba2612
PG-TASAKI2020-0063	TASAKI2020	000063	49	63	NONE	content	complete	complete	cdfb922247ee8ef12a3e5ee787dd4234edfe7779
PG-TASAKI2020-0064	TASAKI2020	000064	50	64	§3.1	content	complete	complete	5c0a09c3e54e21665dbb68666a04f83bb0856e38
PG-TASAKI2020-0065	TASAKI2020	000065	51	65	§3.1	content	complete	complete	6ba4b29e44f3fa0734eed9124ff1a0bba06941b5
PG-TASAKI2020-0066	TASAKI2020	000066	52	66	§3.1	content	complete	complete	3803df94635d5066c06bb4a32c289498d7163528
PG-TASAKI2020-0067	TASAKI2020	000067	53	67	§3.2	content	complete	complete	a51400c47ccdcdadd28d906450b5ef64280f4cc4
PG-TASAKI2020-0068	TASAKI2020	000068	54	68	§3.2	content	complete	complete	5ea7875a6c526810f64f72de12871fabf9f630fe
PG-TASAKI2020-0069	TASAKI2020	000069	55	69	§3.2	content	complete	complete	463c92040915e1d5a5451f06d7c270966b9716e2
PG-TASAKI2020-0070	TASAKI2020	000070	56	70	§3.3	content	complete	complete	1c3e55fdb14258490156ff645acc013cfc912b5b
PG-TASAKI2020-0071	TASAKI2020	000071	57	71	§3.3	content	complete	complete	b9fee72962acbb1c353cebf0593a53f4bf6fdaa9
PG-TASAKI2020-0072	TASAKI2020	000072	58	72	§3.3	content	complete	complete	7d78b861d22ab32a5b3c393342088bd1cd27399d
PG-TASAKI2020-0073	TASAKI2020	000073	59	73	§3.3	content	complete	complete	9fcc996fd295d5510f1ee154c73e2e46fb38c43e
PG-TASAKI2020-0074	TASAKI2020	000074	60	74	§3.3	content	complete	complete	ea4c2c83bc097ee42c4193fc293436e310434111
PG-TASAKI2020-0075	TASAKI2020	000075	61	75	§3.3	content	complete	complete	75aa3d53d37f8ab42660eea5c3155e29a559d060
PG-TASAKI2020-0076	TASAKI2020	000076	62	76	§3.3	content	complete	complete	a2a49c1e772473129b07e2e4d01362ce2d453c91
PG-TASAKI2020-0077	TASAKI2020	000077	63	77	§3.3	content	complete	complete	9f3f7a6514ae0f1b2b9c976b2aef42871164db56
PG-TASAKI2020-0078	TASAKI2020	000078	64	78	§3.3	content	complete	complete	f1c90b5986971a0e9a18a0c3d6ae9fc13795bc85
PG-TASAKI2020-0079	TASAKI2020	000079	65	79	§3.4	content	complete	complete	90d701a855cee468d15eb515ff7fcbaa689b4740
PG-TASAKI2020-0080	TASAKI2020	000080	66	80	§3.4	content	complete	complete	d567ea5f9c4dd647fc46cf17b612f804671fbd01
PG-TASAKI2020-0081	TASAKI2020	000081	67	81	§3.4	content	complete	complete	49829e3f2d8b3f8b7dab4bb9a5708e8539a64f9c
PG-TASAKI2020-0082	TASAKI2020	000082	68	82	§3.4	content	complete	complete	5173520568f53d3cb3730c9b9746a019dc6dae08
PG-TASAKI2020-0083	TASAKI2020	000083	69	83	§3.4	content	complete	complete	57a91911007ae1459fafcf9ebb6985e1d54deaf9
PG-TASAKI2020-0084	TASAKI2020	000084	70	84	§3.4	content	complete	complete	8de2dc47d677b90565bac0a1b9983659158a3f71
PG-TASAKI2020-0085	TASAKI2020	000085	71	85	References	content	complete	complete	f50e3a7c6b3ca9f88529e8f1201d7bf244cb4286
PG-TASAKI2020-0086	TASAKI2020	000086	73	86	NONE	content	complete	complete	6319c4af73bddb14d7249041f85e922eee5c8d6a
PG-TASAKI2020-0087	TASAKI2020	000087	74	87	§4.1.1	content	complete	complete	ed5e1328ba01a3cec327a659f0e9dae74d9af136
PG-TASAKI2020-0088	TASAKI2020	000088	75	88	§4.1.1	content	complete	complete	10da6e5b9fa63d29dea501bf0b2a33ebada35f7f
PG-TASAKI2020-0089	TASAKI2020	000089	76	89	§4.1.1	content	complete	complete	71870fa3a949c0ee50dc21058d36b61911f52599
PG-TASAKI2020-0090	TASAKI2020	000090	77	90	§4.1.1	content	complete	complete	8bc3f001c3dba252eda0a81cfa6d87de38b33f56
PG-TASAKI2020-0091	TASAKI2020	000091	78	91	§4.1.1	content	complete	complete	786b23d6f43ac1a51dbe2672cca155dfdfc727ca
PG-TASAKI2020-0092	TASAKI2020	000092	79	92	§4.1.2	content	complete	complete	302ac5e4d5c47392d955a021dab7ce4247d6143b
PG-TASAKI2020-0093	TASAKI2020	000093	80	93	§4.1.2	content	complete	complete	61faf502809698121fb0ab71b1de3c4d7be42518
PG-TASAKI2020-0094	TASAKI2020	000094	81	94	§4.1.2	content	complete	complete	6dea553bf064603e52d8f0ce5785d6022add618c
PG-TASAKI2020-0095	TASAKI2020	000095	82	95	§4.1.2	content	complete	complete	5bb4bc0048a7eddf944dd68a4071f013e43ec7ee
PG-TASAKI2020-0096	TASAKI2020	000096	83	96	§4.1.2	content	complete	complete	a078014f734da1cb8ea208495eafc467c83fb0f4
PG-TASAKI2020-0097	TASAKI2020	000097	84	97	§4.1.2	content	complete	complete	29b11eb7a4fa01ca6771723a97553708e056617b
PG-TASAKI2020-0098	TASAKI2020	000098	85	98	§4.1.2	content	complete	complete	9bcafab5cf4b7556a499252c9b16ce10b156d9a8
PG-TASAKI2020-0099	TASAKI2020	000099	86	99	§4.1.2	content	complete	complete	929c6baadda24f44084c46f90e61dba956da8886
PG-TASAKI2020-0100	TASAKI2020	000100	87	100	§4.1.2	content	complete	complete	4ab8b7b78803d42afddc30dc4063075ed20581d3
PG-TASAKI2020-0101	TASAKI2020	000101	88	101	§4.1.2	content	complete	complete	cd63824561654bf86423165689513a6b0234771b
PG-TASAKI2020-0102	TASAKI2020	000102	89	102	§4.1.2	content	complete	complete	a391da14903a7a8396f5f075209e13b1b732081a
PG-TASAKI2020-0103	TASAKI2020	000103	90	103	§4.1.2	content	complete	complete	c625bb8813f7977d5ba39c5600a1e76ef1137c31
PG-TASAKI2020-0104	TASAKI2020	000104	91	104	§4.1.2	content	complete	complete	248bdd570ebc30254f3789bcd79366a91c10ba2c
PG-TASAKI2020-0105	TASAKI2020	000105	92	105	§4.1.2	content	complete	complete	665f126ff7f2fd85c2267f89abe9cd50f4383bef
PG-TASAKI2020-0106	TASAKI2020	000106	93	106	§4.1.2	content	complete	complete	3c764db8f16d7882060a6a07712a5f54c1bf6c29
PG-TASAKI2020-0107	TASAKI2020	000107	94	107	§4.2	content	complete	complete	e5ff05eac6b3ff74bf260906f23472acde9222bb
PG-TASAKI2020-0108	TASAKI2020	000108	95	108	§4.2.1	content	complete	complete	09791cf4e99f05496078115cc720e21c8a86b18c
PG-TASAKI2020-0109	TASAKI2020	000109	96	109	§4.2.1	content	complete	complete	637bc5881bfc6268b6ccae525bcfea57e7fdcf38
PG-TASAKI2020-0110	TASAKI2020	000110	97	110	§4.2.1	content	complete	complete	3aed1a177fcd732eae9a081d31467697b0d9670a
PG-TASAKI2020-0111	TASAKI2020	000111	98	111	§4.2.1	content	complete	complete	9563b151187189310bab3a18ec0aa78e596cd2a4
PG-TASAKI2020-0112	TASAKI2020	000112	99	112	§4.2.1	content	complete	complete	d379358b95a3d47ed23e29f89b2897929630b774
PG-TASAKI2020-0113	TASAKI2020	000113	100	113	§4.2.1	content	complete	complete	e7d3005ddcfbd306def7656985de4702465d819c
PG-TASAKI2020-0114	TASAKI2020	000114	101	114	§4.2.1	content	complete	complete	628a25b7994cfec12f9812d89464778ff20713d6
PG-TASAKI2020-0115	TASAKI2020	000115	102	115	§4.2.1	content	complete	complete	a50dc533f86046b0bd679f7b8c528d665b738b1c
PG-TASAKI2020-0116	TASAKI2020	000116	103	116	§4.2.1	content	complete	complete	6b716ab068c1a0db2aaf15e81662c1cef6f35075
PG-TASAKI2020-0117	TASAKI2020	000117	104	117	§4.2.1	content	complete	complete	676a52faec6bdab2a5765ae5077716d8aed82e30
PG-TASAKI2020-0118	TASAKI2020	000118	105	118	§4.2.2	content	complete	complete	d0a1265d0dbaa661da316670157c3a7aba0632ef
PG-TASAKI2020-0119	TASAKI2020	000119	106	119	§4.2.2	content	complete	complete	b8f2e92ff6d235f6e5e7360c693ef3748f2eb02a
PG-TASAKI2020-0120	TASAKI2020	000120	107	120	§4.2.2	content	complete	complete	6fd0c01b0ad5747749c2e452cd6228588985cffb
PG-TASAKI2020-0121	TASAKI2020	000121	108	121	§4.2.2	content	complete	complete	b3a2c946596602e3749730cef84766ab4784392b
PG-TASAKI2020-0122	TASAKI2020	000122	109	122	§4.2.2	content	complete	complete	742c8c77f1ff570467957473f8503fdeecadb4e5
PG-TASAKI2020-0123	TASAKI2020	000123	110	123	§4.2.2	content	complete	complete	8c69fb06f34944891ad6ab8e1bfba1647a756751
PG-TASAKI2020-0124	TASAKI2020	000124	111	124	§4.2.2	content	complete	complete	1413e2ef66dd11528baa2481fe512492c4e5991a
PG-TASAKI2020-0125	TASAKI2020	000125	112	125	§4.2.2	content	complete	complete	b1573b7527e75f4d7441ca1b2be566d80f5905a2
PG-TASAKI2020-0126	TASAKI2020	000126	113	126	§4.3.1	content	complete	complete	1d9b78e380c3253ec47a728a462c27f4b39d01c1
PG-TASAKI2020-0127	TASAKI2020	000127	114	127	§4.3.1	content	complete	complete	9ba94a5973611cb9fa4308f2718e26e80fc52309
PG-TASAKI2020-0128	TASAKI2020	000128	115	128	§4.3.1	content	complete	complete	16adf692d3d750528da2db124a9950a4083321ed
PG-TASAKI2020-0129	TASAKI2020	000129	116	129	§4.3.1	content	complete	complete	680f0bdddccda55242b935cf03a1ded1aedab45d
PG-TASAKI2020-0130	TASAKI2020	000130	117	130	§4.3.2	content	complete	complete	63387374d6fe70ea96c13657d664875e5d1f8cad
PG-TASAKI2020-0131	TASAKI2020	000131	118	131	§4.4	content	complete	complete	549eee5d032dee71580135433b1e096ce22407ed
PG-TASAKI2020-0132	TASAKI2020	000132	119	132	§4.4.1	content	complete	complete	de90c6515af0c40a8df89ae34f793e36f4852ed6
PG-TASAKI2020-0133	TASAKI2020	000133	120	133	§4.4.1	content	complete	complete	fb883da76349c33295226720c83672ec3f07d8cb
PG-TASAKI2020-0134	TASAKI2020	000134	121	134	§4.4.2	content	complete	complete	6c8acbc1bbf72711cb5e994b4cd0e72ccb67a7e2
PG-TASAKI2020-0135	TASAKI2020	000135	122	135	§4.4.2	content	complete	complete	abba668b1e62938d5115c1e376e2fb203ab3495b
PG-TASAKI2020-0136	TASAKI2020	000136	123	136	§4.4.2	content	complete	complete	3872b7683c8e3f4febeb7408f28f8023470f8bd2
PG-TASAKI2020-0137	TASAKI2020	000137	124	137	§4.4.3	content	complete	complete	6a5a9166b1e83a014f6c22141e77fe66d63a2cad
PG-TASAKI2020-0138	TASAKI2020	000138	125	138	§4.4.3	content	complete	complete	e16aa25289d3c0fe56420babff83353833258788
PG-TASAKI2020-0139	TASAKI2020	000139	126	139	§4.4.3	content	complete	complete	dfc0a3d09836635823851c34db2330b8b3059461
PG-TASAKI2020-0140	TASAKI2020	000140	127	140	§4.4.3	content	complete	complete	7b4a6d7cef1fa037754e61721acff06168d6675e
PG-TASAKI2020-0141	TASAKI2020	000141	128	141	§4.4.3	content	complete	complete	aa516a78db6a6921ee75ab7c442e035d8414b2b2
PG-TASAKI2020-0142	TASAKI2020	000142	129	142	§4.4.3	content	complete	complete	956078bc188abb7a0e88a2b3142a29152282ec93
PG-TASAKI2020-0143	TASAKI2020	000143	130	143	§4.4.3	content	complete	complete	28bfedaa4c98232d4e672d0f701c9d12fcc88fa7
PG-TASAKI2020-0144	TASAKI2020	000144	131	144	§4.4.4	content	complete	complete	f1ab99fc2753f39fa75f2ecea6923b351cf84456
PG-TASAKI2020-0145	TASAKI2020	000145	132	145	References	content	complete	complete	297dc862963a9ecf943ffa04ad6c711280d149fa
PG-TASAKI2020-0146	TASAKI2020	000146	133	146	References	content	complete	complete	d6be4849b80cfe5cb3bfdd6b3716de5127f77d62
PG-TASAKI2020-0147	TASAKI2020	000147	134	147	References	content	complete	complete	fcdb421620ae43bd2c8f232ed59f2cf5df8e055b
PG-TASAKI2020-0148	TASAKI2020	000148	135	148	NONE	content	complete	complete	f9c400e68834010debc767ed3e6971e20029097c
PG-TASAKI2020-0149	TASAKI2020	000149	136	149	§5.1	content	complete	complete	e50785ae0bb8b1c0d00e9a9db9967712894de7df
PG-TASAKI2020-0150	TASAKI2020	000150	137	150	§5.1	content	complete	complete	6fc9a363490323c7c7a2da04a9ebf5819034db94
PG-TASAKI2020-0151	TASAKI2020	000151	138	151	§5.2	content	complete	complete	6e0543ffbba932d2bbcaa2accec78b0f9b4730ce
PG-TASAKI2020-0152	TASAKI2020	000152	139	152	§5.2	content	complete	complete	bf4ae1046752145ad75d94097833ac3f8d0adf09
PG-TASAKI2020-0153	TASAKI2020	000153	140	153	§5.3	content	complete	complete	6e4ed9b062fd906aaac0914628a7bdcba5b55d34
PG-TASAKI2020-0154	TASAKI2020	000154	141	154	§5.3	content	complete	complete	6ad734a84a942d927498ab8125a69c7242ccbd02
PG-TASAKI2020-0155	TASAKI2020	000155	142	155	§5.3	content	complete	complete	c8c33e59c3e820645693072672d72f41cc2a9f55
PG-TASAKI2020-0156	TASAKI2020	000156	143	156	§5.4	content	complete	complete	a33bf6d837834ae8fa696a4da24920652efdfcea
PG-TASAKI2020-0157	TASAKI2020	000157	144	157	§5.4	content	complete	complete	034697f718dcf5009901d7bb218ef12a9a9703dc
PG-TASAKI2020-0158	TASAKI2020	000158	145	158	§5.4	content	complete	complete	6db9123ba33aa179a3bf8b3b599d78b438b57366
PG-TASAKI2020-0159	TASAKI2020	000159	146	159	§5.4	content	complete	complete	6087cf1c799d563f68185c6c13f24fb37ab18f39
PG-TASAKI2020-0160	TASAKI2020	000160	147	160	§5.5	content	complete	complete	98a9e5eb3fed99120560a34abde2aad916e47eeb
PG-TASAKI2020-0161	TASAKI2020	000161	148	161	§5.5	content	complete	complete	5e63349da89b15478014b8dc82fb17418f22acac
PG-TASAKI2020-0162	TASAKI2020	000162	149	162	§5.5	content	complete	complete	a2c97691ee5dd1fa928df8e82438694115e70e25
PG-TASAKI2020-0163	TASAKI2020	000163	150	163	References	content	complete	complete	f689fdb759732919ffeb6bce0bb7bed37afec8de
PG-TASAKI2020-0164	TASAKI2020	000164	NONE	164	NONE	content	complete	complete	57301c84026c72e4a0aa1764f881e182d65916c5
PG-TASAKI2020-0165	TASAKI2020	000165	152	165	NONE	content	complete	complete	98d5c52cb8941c543a03945b8c63afde93ad1fd1
PG-TASAKI2020-0166	TASAKI2020	000166	153	166	NONE	content	complete	complete	36a04ed71ad5c096398f2593efc9117b04a4c329
PG-TASAKI2020-0167	TASAKI2020	000167	154	167	§6.1	content	complete	complete	3f71b4c8d7df656d6b0891d660142e4d7a854981
PG-TASAKI2020-0168	TASAKI2020	000168	155	168	§6.1	content	complete	complete	02eb4b9e56d001a4553ca8f01dfa611b91bd991d
PG-TASAKI2020-0169	TASAKI2020	000169	156	169	§6.1	content	complete	complete	4fcaf73600f8d9e130736d75451b748d66baba50
PG-TASAKI2020-0170	TASAKI2020	000170	157	170	§6.1	content	complete	complete	5d9d5ea23f2aa71f51f3df98834c24cf65b8b822
PG-TASAKI2020-0171	TASAKI2020	000171	158	171	§6.1	content	complete	complete	a6ef1870444564a8cc2aa526b8b7860ec9323e37
PG-TASAKI2020-0172	TASAKI2020	000172	159	172	§6.2	content	complete	complete	da0c23406b75e446073cfd13e72556dd1f4d4dea
PG-TASAKI2020-0173	TASAKI2020	000173	160	173	§6.2	content	complete	complete	d92fe2e5d0bcf4c246086c2bf752df4938fa2d97
PG-TASAKI2020-0174	TASAKI2020	000174	161	174	§6.2	content	complete	complete	8ce0aae7ee64f4431bfade7d678d11ed39467ff2
PG-TASAKI2020-0175	TASAKI2020	000175	162	175	§6.2	content	complete	complete	ea3767f8581331bb3b3981fcf1e51f781b31fb61
PG-TASAKI2020-0176	TASAKI2020	000176	163	176	§6.2	content	complete	complete	910c1effa684bf2a7d022b2ec128d203556557b6
PG-TASAKI2020-0177	TASAKI2020	000177	164	177	§6.2	content	complete	complete	500a0219c9f757b28d16beff255948c2b417ce06
PG-TASAKI2020-0178	TASAKI2020	000178	165	178	§6.2	content	complete	complete	57436c324f031a283e17c36fe87b2ca47a919f05
PG-TASAKI2020-0179	TASAKI2020	000179	166	179	§6.2	content	complete	complete	bef22cf83743f6e4065a7aed3dd12b468006e35e
PG-TASAKI2020-0180	TASAKI2020	000180	167	180	§6.3	content	complete	complete	e4e5b93b0adc074758b5bb7f7d95415182fe5825
PG-TASAKI2020-0181	TASAKI2020	000181	168	181	§6.3	content	complete	complete	0af1efa48f0d801bc303c3d7a51c8d81164faa7d
PG-TASAKI2020-0182	TASAKI2020	000182	169	182	§6.3	content	complete	complete	9af195bee192ff7c966eabf1fcd3ed38566ef34a
PG-TASAKI2020-0183	TASAKI2020	000183	170	183	§6.3	content	complete	complete	05bc7050ee21dfafdce9635f1d560e945909e9ba
PG-TASAKI2020-0184	TASAKI2020	000184	171	184	§6.3	content	complete	complete	61e23a20ef26d2e46dc8092b6981a06cbd57e526
PG-TASAKI2020-0185	TASAKI2020	000185	172	185	§6.3	content	complete	complete	eb0272006276a03fa3d69ab72a92d2e216598bcf
PG-TASAKI2020-0186	TASAKI2020	000186	173	186	References	content	complete	complete	96de2d66731f3c2cdd850a1ccf3596066eb02092
PG-TASAKI2020-0187	TASAKI2020	000187	174	187	References	content	complete	complete	3d3760a85a38d2d38b765e7ad1b5019da3286c0b
PG-TASAKI2020-0188	TASAKI2020	000188	175	188	References	content	complete	complete	bf74cd23bd9f8329a52dc08bf3b823eed08e6e99
PG-TASAKI2020-0189	TASAKI2020	000189	177	189	NONE	content	complete	complete	d88ae7991b268ddcd8e81af36834ba66e7b78aa4
PG-TASAKI2020-0190	TASAKI2020	000190	178	190	§7.1.1	content	complete	complete	099d4e1135a417f74d492aa8620581ea8f303912
PG-TASAKI2020-0191	TASAKI2020	000191	179	191	§7.1.1	content	complete	complete	bed904e3aeec0d71c0eab9cf42ff0725e7218694
PG-TASAKI2020-0192	TASAKI2020	000192	180	192	§7.1.1	content	complete	complete	d3ca68aaa2d2a07a079014a89fe9ec9024311fd3
PG-TASAKI2020-0193	TASAKI2020	000193	181	193	§7.1.2	content	complete	complete	334b689cb4697aa2d4891c83dad37555f0aebd52
PG-TASAKI2020-0194	TASAKI2020	000194	182	194	§7.1.2	content	complete	complete	12f90d8fcb941f0ceaf283ce51cc0bef6c108c94
PG-TASAKI2020-0195	TASAKI2020	000195	183	195	§7.1.2	content	complete	complete	8f65df91bbb1f55203caf12c5b9e45d268b8dae2
PG-TASAKI2020-0196	TASAKI2020	000196	184	196	§7.1.2	content	complete	complete	e7d2572ab9c33981834daf99c75ae0bb552df3e9
PG-TASAKI2020-0197	TASAKI2020	000197	185	197	§7.1.2	content	complete	complete	1e9a0d547e33c865ec2eea99319f7d527ac0c629
PG-TASAKI2020-0198	TASAKI2020	000198	186	198	§7.1.2	content	complete	complete	e89d3ba2c811ac25f284800fdbbe138531970307
PG-TASAKI2020-0199	TASAKI2020	000199	187	199	§7.1.3	content	complete	complete	ed509199c3976f80151d8621447d85fc2e8673da
PG-TASAKI2020-0200	TASAKI2020	000200	188	200	§7.1.3	content	complete	complete	2820c24f3531f083f648a39b41a064d2fb9d4d8e
PG-TASAKI2020-0201	TASAKI2020	000201	189	201	§7.1.4	content	complete	complete	1e260f22b3897cdee703e4440f8565ad31d8d104
PG-TASAKI2020-0202	TASAKI2020	000202	190	202	§7.1.4	content	complete	complete	8529f8c848b71d0c34b6d98cea84573495ca543c
PG-TASAKI2020-0203	TASAKI2020	000203	191	203	§7.2	content	complete	complete	6499044cd3dada9f56fb5a0fb075f9ec3f75ded8
PG-TASAKI2020-0204	TASAKI2020	000204	192	204	§7.2.1	content	complete	complete	5ab3a688af88bda3637c199d8f6b0a505b3bb3f0
PG-TASAKI2020-0205	TASAKI2020	000205	193	205	§7.2.1	content	complete	complete	e960254c097f1aca4f41b30a811ea6a453c82d70
PG-TASAKI2020-0206	TASAKI2020	000206	194	206	§7.2.2	content	complete	complete	a6057ed26763ecd4092479a8a04ff4e8c34e47a9
PG-TASAKI2020-0207	TASAKI2020	000207	195	207	§7.2.2	content	complete	complete	ea9c88451f54b66d1fae0e0682f281b8998efddc
PG-TASAKI2020-0208	TASAKI2020	000208	196	208	§7.2.2	content	complete	complete	22936432a3f8a7eebef1a5db1de8c0c8704f7c2c
PG-TASAKI2020-0209	TASAKI2020	000209	197	209	§7.2.2	content	complete	complete	e5fabe2038c461a2589354ae1186099939f1001d
PG-TASAKI2020-0210	TASAKI2020	000210	198	210	§7.2.2	content	complete	complete	ed69f8c0f8605a4a3fb5e4a42eb4e545b58bf497
PG-TASAKI2020-0211	TASAKI2020	000211	199	211	§7.2.2	content	complete	complete	7d7378c96532fc89c6efeacdf815f3e0a0e41af5
PG-TASAKI2020-0212	TASAKI2020	000212	200	212	§7.2.2	content	complete	complete	c55a7d84c8577a607e8f1f16ee3ab71a3b1072eb
PG-TASAKI2020-0213	TASAKI2020	000213	201	213	§7.2.2	content	complete	complete	b95e165777ff61bf3e93814d01bc41282008b14a
PG-TASAKI2020-0214	TASAKI2020	000214	202	214	§7.2.2	content	complete	complete	a95efbe28ad9ed77265af0eb75a531a8470709e6
PG-TASAKI2020-0215	TASAKI2020	000215	203	215	§7.2.2	content	complete	complete	9d2e961b127e462f85d38a7c160008b17ac64729
PG-TASAKI2020-0216	TASAKI2020	000216	204	216	§7.2.2	content	complete	complete	584e1fb7b72d249206294b5d2165d984525f63a1
PG-TASAKI2020-0217	TASAKI2020	000217	205	217	§7.2.2	content	complete	complete	2383110e90678124a864dfd363f365ca48d310dc
PG-TASAKI2020-0218	TASAKI2020	000218	206	218	§7.2.3	content	complete	complete	081eb152f9648a3b95a3f8fb25ee097b8c2c5182
PG-TASAKI2020-0219	TASAKI2020	000219	207	219	§7.2.3	content	complete	complete	baa92655f2912968218910a0122ad0c8226a00aa
PG-TASAKI2020-0220	TASAKI2020	000220	208	220	§7.3	content	complete	complete	c3210c65a2c3f45a80789cddef0bbfa4f04b74dd
PG-TASAKI2020-0221	TASAKI2020	000221	209	221	§7.3.1	content	complete	complete	2553c31be4b414b290eb72e95535987566d16e11
PG-TASAKI2020-0222	TASAKI2020	000222	210	222	§7.3.2	content	complete	complete	bb57a13a5afa2cf39daa2054d22b93b77dbc58ec
PG-TASAKI2020-0223	TASAKI2020	000223	211	223	§7.3.2	content	complete	complete	a2463c23dfb3c4a5eed39c2f2226fb765b4e66ce
PG-TASAKI2020-0224	TASAKI2020	000224	212	224	§7.3.2	content	complete	complete	f298634aa5cb9724e24275f0f1888476f481ac56
PG-TASAKI2020-0225	TASAKI2020	000225	213	225	§7.3.2	content	complete	complete	e7def4db57f1f358c4aa013c60c77586c51410d1
PG-TASAKI2020-0226	TASAKI2020	000226	214	226	§7.3.2	content	complete	complete	7bd8015e543d7272cfae341fe9e95af8fed6a45f
PG-TASAKI2020-0227	TASAKI2020	000227	215	227	§7.3.3	content	complete	complete	c2a943f0e773b6a1385e90396c18547d66a8d264
PG-TASAKI2020-0228	TASAKI2020	000228	216	228	§7.3.3	content	complete	complete	ebc1dbc161daa68bb2b58cc6507c82b6cd726c63
PG-TASAKI2020-0229	TASAKI2020	000229	217	229	§7.3.3	content	complete	complete	530726019fb63385906e7d7c986b5d9c0c423d93
PG-TASAKI2020-0230	TASAKI2020	000230	218	230	§7.3.3	content	complete	complete	ed7285e6ea5535c001c1ce559946d517d8c4d520
PG-TASAKI2020-0231	TASAKI2020	000231	219	231	§7.3.3	content	complete	complete	6736c0332072f92440bf85f658af79e3f85d0304
PG-TASAKI2020-0232	TASAKI2020	000232	220	232	§7.3.3	content	complete	complete	38ff6994e76f88bf1429763c9e3ab93e0b7ec9db
PG-TASAKI2020-0233	TASAKI2020	000233	221	233	References	content	complete	complete	74aa719be04ec54b6103857980b4fcd0b22864cb
PG-TASAKI2020-0234	TASAKI2020	000234	222	234	References	content	complete	complete	4be16ac6b0c3b48cbedfce561cd836eb4adbf082
PG-TASAKI2020-0235	TASAKI2020	000235	223	235	References	content	complete	complete	85c361d43d8148891e66544f028c20dfb6e9be3d
PG-TASAKI2020-0236	TASAKI2020	000236	224	236	References	content	complete	complete	f21d80c7203afc8e79fa3f1f683e686f4db32a12
PG-TASAKI2020-0237	TASAKI2020	000237	225	237	NONE	content	complete	complete	04b9cd143331a9fdbf3b4392f84606a0cdc93801
PG-TASAKI2020-0238	TASAKI2020	000238	226	238	§8.1.1	content	complete	complete	fccccf8f854d34af545dc53e6b55632927de915c
PG-TASAKI2020-0239	TASAKI2020	000239	227	239	§8.1.1	content	complete	complete	35cfeaebf9f6fa2667c551f2e288ca29d0b31bb3
PG-TASAKI2020-0240	TASAKI2020	000240	228	240	§8.1.1	content	complete	complete	dcf55b0e4f4178dc4d374e104a4b04c4cf139958
PG-TASAKI2020-0241	TASAKI2020	000241	229	241	§8.1.1	content	complete	complete	80cf80604a5457dbd7819e84e50ae24c79f2d8da
PG-TASAKI2020-0242	TASAKI2020	000242	230	242	§8.1.2	content	complete	complete	1bc0dd06fbe5cdff6d62e8074b2ddbb2b10103ea
PG-TASAKI2020-0243	TASAKI2020	000243	231	243	§8.1.2	content	complete	complete	bf0c4426d0cd80466161262809129219d16355d4
PG-TASAKI2020-0244	TASAKI2020	000244	232	244	§8.1.2	content	complete	complete	25e36234a4d5f53136fe94781fa28af780fe5f09
PG-TASAKI2020-0245	TASAKI2020	000245	233	245	§8.1.2	content	complete	complete	7d6a307ae90c9dfe6d9b7cc29295a186104bb786
PG-TASAKI2020-0246	TASAKI2020	000246	234	246	§8.1.2	content	complete	complete	0cad03c12334d36c297b493ff06cafcba563c324
PG-TASAKI2020-0247	TASAKI2020	000247	235	247	§8.1.3	content	complete	complete	de577973e4e9528b7e8060f1658bbdbabbeea5b8
PG-TASAKI2020-0248	TASAKI2020	000248	236	248	§8.1.3	content	complete	complete	12cd502b7d2de5b802c0f7e56ec682ebd858b123
PG-TASAKI2020-0249	TASAKI2020	000249	237	249	§8.1.3	content	complete	complete	db40b7ba9ac8c6d1eb9cd9137fdac41b8014c3ef
PG-TASAKI2020-0250	TASAKI2020	000250	238	250	§8.1.3	content	complete	complete	803757178623432698c66b5e8d3b2e6743784da1
PG-TASAKI2020-0251	TASAKI2020	000251	239	251	§8.2	content	complete	complete	ae4ec7dea5932e5e1ea5211e40aeb6402a010eb4
PG-TASAKI2020-0252	TASAKI2020	000252	240	252	§8.2.1	content	complete	complete	9fb30c5a0404920ca2f900f3538771c6f477f6e4
PG-TASAKI2020-0253	TASAKI2020	000253	241	253	§8.2.1	content	complete	complete	6978ad2ee2dc215b1ba8054dfb5cd01b7e492317
PG-TASAKI2020-0254	TASAKI2020	000254	242	254	§8.2.2	content	complete	complete	741d2893e2e103650bb0d92a6cdec176f897f621
PG-TASAKI2020-0255	TASAKI2020	000255	243	255	§8.2.2	content	complete	complete	628ffeb2c6ece8f866c7e5f266d1d95d753d1ad7
PG-TASAKI2020-0256	TASAKI2020	000256	244	256	§8.2.2	content	complete	complete	7b4e7bb4c18129a04e0b2136acc3483bbccba4cc
PG-TASAKI2020-0257	TASAKI2020	000257	245	257	§8.2.3	content	complete	complete	41e2605ed05cba1e0ee48a639b6a1c05a2c1df53
PG-TASAKI2020-0258	TASAKI2020	000258	246	258	§8.2.3	content	complete	complete	3637b1502b8496650c88d927eee7fae4f23ea08f
PG-TASAKI2020-0259	TASAKI2020	000259	247	259	§8.2.3	content	complete	complete	04cc0ac57ea29e8e8630c720f44de86940d70c0d
PG-TASAKI2020-0260	TASAKI2020	000260	248	260	§8.2.3	content	complete	complete	63f745acdf592dbd5ccca49992f0e95696eb4550
PG-TASAKI2020-0261	TASAKI2020	000261	249	261	§8.2.3	content	complete	complete	e5ca585b30fd1b4f3125f79905d8cb64cc067cc0
PG-TASAKI2020-0262	TASAKI2020	000262	250	262	§8.2.3	content	complete	complete	a6cf7c47c2a648e86eda989cea91a0bc078340be
PG-TASAKI2020-0263	TASAKI2020	000263	251	263	§8.2.3	content	complete	complete	379d7dc996dcaeadee5284727c7ad3d6eb7c34ed
PG-TASAKI2020-0264	TASAKI2020	000264	252	264	§8.3.1	content	complete	complete	61f72174aa59d14bba05ae2373aae7a2cda3f15c
PG-TASAKI2020-0265	TASAKI2020	000265	253	265	§8.3.1	content	complete	complete	268d2c98adc0cef63ff01bf65abc187a8e781776
PG-TASAKI2020-0266	TASAKI2020	000266	254	266	§8.3.1	content	complete	complete	faab95ce399e5ea4e0558b720305e4730eb1418f
PG-TASAKI2020-0267	TASAKI2020	000267	255	267	§8.3.2	content	complete	complete	874df2303c8fdd44588a8547f6650c70b2dea676
PG-TASAKI2020-0268	TASAKI2020	000268	256	268	§8.3.2	content	complete	complete	9e256a727616862e32af533c7382b4374735ba55
PG-TASAKI2020-0269	TASAKI2020	000269	257	269	§8.3.2	content	complete	complete	690d2897b5c0de4f0607898b475f65fa4c279d07
PG-TASAKI2020-0270	TASAKI2020	000270	258	270	§8.3.2	content	complete	complete	a108ac7b44231767514c2134f445326a0f2f1f8b
PG-TASAKI2020-0271	TASAKI2020	000271	259	271	§8.3.2	content	complete	complete	f30bd0851d85d2c90cb3662dace1435765660d16
PG-TASAKI2020-0272	TASAKI2020	000272	260	272	§8.3.2	content	complete	complete	851eea2cf0053daca98742f731580d80430b78ad
PG-TASAKI2020-0273	TASAKI2020	000273	261	273	§8.3.3	content	complete	complete	c75c2ff4adfc20974e13ee225977dc0c848ed6a1
PG-TASAKI2020-0274	TASAKI2020	000274	262	274	§8.3.3	content	complete	complete	d946a18567775bf38339cd224de9f46077c2d083
PG-TASAKI2020-0275	TASAKI2020	000275	263	275	§8.3.3	content	complete	complete	5b5847f8695ba4d51c8bc352a48ffb5d296fc372
PG-TASAKI2020-0276	TASAKI2020	000276	264	276	§8.3.4	content	complete	complete	5c964f34bf1d038c05ca974380e05b76672a03e3
PG-TASAKI2020-0277	TASAKI2020	000277	265	277	§8.3.4	content	complete	complete	0fd9099c9cb6cf3d39c44a1b70f706115fdb40f9
PG-TASAKI2020-0278	TASAKI2020	000278	266	278	§8.3.4	content	complete	complete	4bdd3733d5744b87d6247bc4f07013840157e55c
PG-TASAKI2020-0279	TASAKI2020	000279	267	279	§8.3.4	content	complete	complete	cbbfecd588f1ad640d7a52fe62ac5bc13b5a78db
PG-TASAKI2020-0280	TASAKI2020	000280	268	280	§8.3.4	content	complete	complete	0275cd615fbc38e41a0c5d7428a1d8630b330ce7
PG-TASAKI2020-0281	TASAKI2020	000281	269	281	§8.3.4	content	complete	complete	dd046f1a74857d3e2c022bb97bf8d63c6fc04940
PG-TASAKI2020-0282	TASAKI2020	000282	270	282	§8.3.4	content	complete	complete	7911be936723925aa6a3c5a131f753202b670055
PG-TASAKI2020-0283	TASAKI2020	000283	271	283	§8.3.4	content	complete	complete	a0ab7e28f8ea2d8f4dc285b88d5b5042c76b3e81
PG-TASAKI2020-0284	TASAKI2020	000284	272	284	§8.3.4	content	complete	complete	2572575d3c2263f949e9f673dac3cd39474e3d8f
PG-TASAKI2020-0285	TASAKI2020	000285	273	285	§8.3.4	content	complete	complete	4b5633ac2b949973db97bf4f91ee2f5c9c7af77b
PG-TASAKI2020-0286	TASAKI2020	000286	274	286	§8.3.4	content	complete	complete	48be4b243f45ff387d09e071cd7d75b1c7f84378
PG-TASAKI2020-0287	TASAKI2020	000287	275	287	§8.3.4	content	complete	complete	acbc5ffe4c3eb80c510ea6d6d9cb63408531af88
PG-TASAKI2020-0288	TASAKI2020	000288	276	288	§8.3.5	content	complete	complete	adf975a14189cfc9518d5723a55ae42bdd36fbc5
PG-TASAKI2020-0289	TASAKI2020	000289	277	289	§8.3.5	content	complete	complete	d087fbf8c96c53fdad2a080812525e6088a196f6
PG-TASAKI2020-0290	TASAKI2020	000290	278	290	§8.3.5	content	complete	complete	2fb94da7144d74ed8aa912aead5670c900476ef4
PG-TASAKI2020-0291	TASAKI2020	000291	279	291	§8.3.5	content	complete	complete	6bebe2d0ed1532d3de28c7478a9e0dc192e09fc2
PG-TASAKI2020-0292	TASAKI2020	000292	280	292	§8.3.5	content	complete	complete	9b766b0b99d8313dd2e6e7f5aa1a7286c286aa0f
PG-TASAKI2020-0293	TASAKI2020	000293	281	293	§8.3.6	content	complete	complete	a3b8ce6d8b5c7944302f6ae2a32d46dbc39c0aae
PG-TASAKI2020-0294	TASAKI2020	000294	282	294	§8.3.6	content	complete	complete	74d8ef674f9049c6c6ec5ac8c9e707f0ea20bb74
PG-TASAKI2020-0295	TASAKI2020	000295	283	295	§8.3.6	content	complete	complete	b3188ec2c6da6440679fb5114cb36ad48654c3a8
PG-TASAKI2020-0296	TASAKI2020	000296	284	296	§8.3.6	content	complete	complete	9f81c0a05d0940375d63c9eb94039418c8353871
PG-TASAKI2020-0297	TASAKI2020	000297	285	297	§8.3.6	content	complete	complete	d53ed73b2e8e68d32f19822838161878a76bc923
PG-TASAKI2020-0298	TASAKI2020	000298	286	298	§8.3.6	content	complete	complete	1e4b9c854b688ffbc28584322422ee60d4e27395
PG-TASAKI2020-0299	TASAKI2020	000299	287	299	§8.3.6	content	complete	complete	f76b9033ed2eb351721d81271a64217c044428c5
PG-TASAKI2020-0300	TASAKI2020	000300	288	300	§8.4	content	complete	complete	211556b92a7c2e0200f535b7ee7675c520c99917
PG-TASAKI2020-0301	TASAKI2020	000301	289	301	§8.4	content	complete	complete	fb976cc869ae72ba995227aaca46bb13dcc56486
PG-TASAKI2020-0302	TASAKI2020	000302	290	302	§8.4	content	complete	complete	00450280c31e015d9494eabc913aac3dc174a367
PG-TASAKI2020-0303	TASAKI2020	000303	291	303	§8.4	content	complete	complete	d4196586bda39f9de7133bc5450e9c8853c103ba
PG-TASAKI2020-0304	TASAKI2020	000304	292	304	§8.4	content	complete	complete	f20571e471b83656c84993eaf765e545fdb6d934
PG-TASAKI2020-0305	TASAKI2020	000305	293	305	§8.4	content	complete	complete	770071ed27b73f58be4f9b414812be59b5e6b417
PG-TASAKI2020-0306	TASAKI2020	000306	294	306	§8.4	content	complete	complete	6bf3b9501f0984baf323324d181d292d59881c97
PG-TASAKI2020-0307	TASAKI2020	000307	295	307	§8.4	content	complete	complete	2626e6b2a13a88e9ea36dbb941babe8d3afcc9b8
PG-TASAKI2020-0308	TASAKI2020	000308	296	308	§8.4	content	complete	complete	126c7eb2ced47aaec93b731466ec1943fc564fd9
PG-TASAKI2020-0309	TASAKI2020	000309	297	309	§8.4	content	complete	complete	0058b1e6fe2f579cd77e62067d9ee00bbfff58fa
PG-TASAKI2020-0310	TASAKI2020	000310	298	310	References	content	complete	complete	a19a648e774d60b120e4650da8e614f232e07857
PG-TASAKI2020-0311	TASAKI2020	000311	299	311	References	content	complete	complete	987fa09d2643e0726f5f45154a467b8c402cf4fb
PG-TASAKI2020-0312	TASAKI2020	000312	300	312	References	content	complete	complete	e6ac98651f0f098dfba932923e29dfe677b7af22
PG-TASAKI2020-0313	TASAKI2020	000313	301	313	References	content	complete	complete	2f28886ee254a70e265197163363a276f0a2b6b1
PG-TASAKI2020-0314	TASAKI2020	000314	302	314	References	content	complete	complete	be14024be7c57e48ff13ed19214fb022b8352314
PG-TASAKI2020-0315	TASAKI2020	000315	NONE	315	NONE	content	complete	complete	32c1becddd877d70baa9d7cf39fd2319e17fef72
PG-TASAKI2020-0316	TASAKI2020	000316	304	316	NONE	content	complete	complete	6c99d374a93985379a5b29ed58f8bf40f0bf0adf
PG-TASAKI2020-0317	TASAKI2020	000317	305	317	NONE	content	complete	complete	c653d4b27bea9d818a71113b40bedbfa2e6ebc5d
PG-TASAKI2020-0318	TASAKI2020	000318	306	318	§9.1	content	complete	complete	8b1bee50a3848c01005084e22d1196ae19e3c900
PG-TASAKI2020-0319	TASAKI2020	000319	307	319	§9.1	content	complete	complete	c98ac268e9f667d5b762548c905e43807e4b1d35
PG-TASAKI2020-0320	TASAKI2020	000320	308	320	§9.2	content	complete	complete	9d168d1e5c14315abe1b2be8570f6fe92c7d52ad
PG-TASAKI2020-0321	TASAKI2020	000321	309	321	§9.2.1	content	complete	complete	0246f534281b611f2ee296f2fad6f8c2890869aa
PG-TASAKI2020-0322	TASAKI2020	000322	310	322	§9.2.1	content	complete	complete	ab1ca3f1579934d76cde1aabaa79150733a9e007
PG-TASAKI2020-0323	TASAKI2020	000323	311	323	§9.2.2	content	complete	complete	0d15796fe572b0604d80a893fbaf046d0eb37d3b
PG-TASAKI2020-0324	TASAKI2020	000324	312	324	§9.2.2	content	complete	complete	199c222d2bd6fd49bb39ebbb669cb7e8d888eca0
PG-TASAKI2020-0325	TASAKI2020	000325	313	325	§9.2.2	content	complete	complete	e6c8b29c1a5e04e23996700ad470ac0a5ea9f880
PG-TASAKI2020-0326	TASAKI2020	000326	314	326	§9.2.2	content	complete	complete	c789825cf86337288f04add6321dd3cf4aa36406
PG-TASAKI2020-0327	TASAKI2020	000327	315	327	§9.2.3	content	complete	complete	5527c7b3d126f5ba8cdc155aebbda04d68ce70b5
PG-TASAKI2020-0328	TASAKI2020	000328	316	328	§9.2.3	content	complete	complete	300cb9761aca491613d421c88cec992cf970e664
PG-TASAKI2020-0329	TASAKI2020	000329	317	329	§9.2.3	content	complete	complete	5b5f315f8773911ee03120d767258aea643e8a14
PG-TASAKI2020-0330	TASAKI2020	000330	318	330	§9.2.3	content	complete	complete	0af9cdf91039bbab33f6c8dd96d97fdc7af0387d
PG-TASAKI2020-0331	TASAKI2020	000331	319	331	§9.2.3	content	complete	complete	58d60c9f29cf5e5505d07d6c864ca383f1e407b7
PG-TASAKI2020-0332	TASAKI2020	000332	320	332	§9.2.3	content	complete	complete	3f031cd266f94395c2fa9e8011c5d6d1e98f0cc6
PG-TASAKI2020-0333	TASAKI2020	000333	321	333	§9.2.3	content	complete	complete	f54ac3610489cac72f0b238bfa3ea924b18f40b5
PG-TASAKI2020-0334	TASAKI2020	000334	322	334	§9.2.3	content	complete	complete	4d6406c4f8ed10f17631f5981c4dd584c9638075
PG-TASAKI2020-0335	TASAKI2020	000335	323	335	§9.2.3	content	complete	complete	e1d590b44cae6169005eac1c5f8536748802540d
PG-TASAKI2020-0336	TASAKI2020	000336	324	336	§9.2.3	content	complete	complete	f2344a084624720cec7c27deebb23fb204bfa2ac
PG-TASAKI2020-0337	TASAKI2020	000337	325	337	§9.3.1	content	complete	complete	f9e5abe458982236fb550c1a4bef42f834e67d27
PG-TASAKI2020-0338	TASAKI2020	000338	326	338	§9.3.1	content	complete	complete	e5d5e0ddafe676d9bfd1bdb34dd475829b87ee99
PG-TASAKI2020-0339	TASAKI2020	000339	327	339	§9.3.1	content	complete	complete	0d294d02b896ac211dd12965848bc246dc9d6d27
PG-TASAKI2020-0340	TASAKI2020	000340	328	340	§9.3.2	content	complete	complete	b92985dbb47fc00b7192ec873d6bd853926b1831
PG-TASAKI2020-0341	TASAKI2020	000341	329	341	§9.3.2	content	complete	complete	729104d41e55a174820c4bfef971f478b42176cd
PG-TASAKI2020-0342	TASAKI2020	000342	330	342	§9.3.2	content	complete	complete	b648bdaff568b3030cd384c2942c84af6f3c537e
PG-TASAKI2020-0343	TASAKI2020	000343	331	343	§9.3.2	content	complete	complete	ca0f61ec4ed31cb0f63327946e8ed44a23842595
PG-TASAKI2020-0344	TASAKI2020	000344	332	344	§9.3.2	content	complete	complete	f0bc75c68ee25f973ce5b167b3068044636826f6
PG-TASAKI2020-0345	TASAKI2020	000345	333	345	§9.3.3	content	complete	complete	d478c5581a1e689c16614ce072f3495766b1f347
PG-TASAKI2020-0346	TASAKI2020	000346	334	346	§9.3.3	content	complete	complete	2957041f46664079037dbb0b24ec9623b880be9b
PG-TASAKI2020-0347	TASAKI2020	000347	335	347	§9.3.3	content	complete	complete	97a51c78b368eb692fe13ecae44293906e809b63
PG-TASAKI2020-0348	TASAKI2020	000348	336	348	§9.3.3	content	complete	complete	a24cff849405c61ee064dc7f4820396701a036fd
PG-TASAKI2020-0349	TASAKI2020	000349	337	349	§9.3.3	content	complete	complete	a34c4a542e19ceadca91b78c563f14e421ec696f
PG-TASAKI2020-0350	TASAKI2020	000350	338	350	§9.4	content	complete	complete	7ea9b86a7021eb6e1057c018ee4be7a6ad9dab1b
PG-TASAKI2020-0351	TASAKI2020	000351	339	351	References	content	complete	complete	440550ac3a67fcf83a91097ad7ecc1a1a9553e65
PG-TASAKI2020-0352	TASAKI2020	000352	341	352	NONE	content	complete	complete	cfe6ab494da2e2bcb2d6408c7f82b63fbdf3b412
PG-TASAKI2020-0353	TASAKI2020	000353	342	353	§10.1	content	complete	complete	a0cc37a7752b3c327853553b1277f7dc0bc095fc
PG-TASAKI2020-0354	TASAKI2020	000354	343	354	§10.1	content	complete	complete	92791a62917e05e9c5a1590272517d76d0172716
PG-TASAKI2020-0355	TASAKI2020	000355	344	355	§10.1	content	complete	complete	b27cc56ef1b43bf81f49521b43da9e542df5ddf5
PG-TASAKI2020-0356	TASAKI2020	000356	345	356	§10.1	content	complete	complete	d5748a62d2af9a4604c1dd1c08a260f585150e61
PG-TASAKI2020-0357	TASAKI2020	000357	346	357	§10.1	content	complete	complete	7aea2af3208958ed9ce4b15a5073bb3888c3683b
PG-TASAKI2020-0358	TASAKI2020	000358	347	358	§10.1	content	complete	complete	7b3d2e8bc1b6764d3fbc985ef4d0b54e82ddeb35
PG-TASAKI2020-0359	TASAKI2020	000359	348	359	§10.2	content	complete	complete	62708ac9e4f263baadf7d662f3636a824f1b5cea
PG-TASAKI2020-0360	TASAKI2020	000360	349	360	§10.2.1	content	complete	complete	5d72c46251bae460161e7c20f38da36e2409bf31
PG-TASAKI2020-0361	TASAKI2020	000361	350	361	§10.2.2	content	complete	complete	e23b138fcc7f4b2f3c8d17b2e25d8e2ed305795b
PG-TASAKI2020-0362	TASAKI2020	000362	351	362	§10.2.2	content	complete	complete	b362810260c1c6c985b12584846ee9aa79ad2f1a
PG-TASAKI2020-0363	TASAKI2020	000363	352	363	§10.2.2	content	complete	complete	f886511cccb566f5225cecb0db2bf36b4dea7da3
PG-TASAKI2020-0364	TASAKI2020	000364	353	364	§10.2.2	content	complete	complete	5fdc4755a91f93a1cad650c3aa707661129e8804
PG-TASAKI2020-0365	TASAKI2020	000365	354	365	§10.2.2	content	complete	complete	f064383546835119002d77d6b57589429840f592
PG-TASAKI2020-0366	TASAKI2020	000366	355	366	§10.2.3	content	complete	complete	284e702896d031b4bef877b718aaf0dc47029dd8
PG-TASAKI2020-0367	TASAKI2020	000367	356	367	§10.2.3	content	complete	complete	b9624d7a980f3e283ffd73e4d58dc98136594581
PG-TASAKI2020-0368	TASAKI2020	000368	357	368	§10.2.3	content	complete	complete	bacf7e497035ec667b16f8d0611d954639f612a9
PG-TASAKI2020-0369	TASAKI2020	000369	358	369	§10.2.3	content	complete	complete	51cdca500b779ccd9aaf4876ea8cabd4251df07a
PG-TASAKI2020-0370	TASAKI2020	000370	359	370	§10.2.3	content	complete	complete	4522365bbbdcd2fde7f7aaffb63066a087373e41
PG-TASAKI2020-0371	TASAKI2020	000371	360	371	§10.2.3	content	complete	complete	5fa4fd3e68984b87b62fa056228e0bb5ebcdbb44
PG-TASAKI2020-0372	TASAKI2020	000372	361	372	§10.2.3	content	complete	complete	ec8e333d41e60fb2d8dceb100de3e64e5ba42650
PG-TASAKI2020-0373	TASAKI2020	000373	362	373	§10.2.4	content	complete	complete	20a33f8e696fed97c1d44c682773454c309e32cc
PG-TASAKI2020-0374	TASAKI2020	000374	363	374	§10.2.4	content	complete	complete	74ea6b33b6eb3b1ca6789b035dcd9051226cbdea
PG-TASAKI2020-0375	TASAKI2020	000375	364	375	§10.2.4	content	complete	complete	1dd6f95deabc383406d25bfcd56a34584a88dbab
PG-TASAKI2020-0376	TASAKI2020	000376	365	376	§10.2.4	content	complete	complete	9489cbd5de43a8496e216d4b2fc20cd92dc747b1
PG-TASAKI2020-0377	TASAKI2020	000377	366	377	§10.2.4	content	complete	complete	a750ce9b18e571cbfa2c63bac53365f7e2097382
PG-TASAKI2020-0378	TASAKI2020	000378	367	378	§10.2.4	content	complete	complete	81a80d5a6a2ae27858fa967794afd7faa0848dcf
PG-TASAKI2020-0379	TASAKI2020	000379	368	379	§10.2.5	content	complete	complete	29d571f169f28525daa5c3e6018c07c1568925c0
PG-TASAKI2020-0380	TASAKI2020	000380	369	380	§10.2.5	content	complete	complete	b29b1be3235680cb1fdecc3914f56c8cc6ea4592
PG-TASAKI2020-0381	TASAKI2020	000381	370	381	References	content	complete	complete	38fb54687489245c86d7e96d7ebb419a3c930b3c
PG-TASAKI2020-0382	TASAKI2020	000382	371	382	NONE	content	complete	complete	2a9e9fe40b024f701d59f6f91ab928971251a544
PG-TASAKI2020-0383	TASAKI2020	000383	372	383	§11.1	content	complete	complete	b7437ff299062a93422c431ee9d0c8b2738ff48f
PG-TASAKI2020-0384	TASAKI2020	000384	373	384	§11.1.1	content	complete	complete	98c9eb9fd05c53efc4b76d8a2857ef59478da47f
PG-TASAKI2020-0385	TASAKI2020	000385	374	385	§11.1.1	content	complete	complete	ee6f74e84a702fe8e0a4674452adcfd2cf11baec
PG-TASAKI2020-0386	TASAKI2020	000386	375	386	§11.1.2	content	complete	complete	bf777ef9037609f4f8f03979eaca4b67639010d1
PG-TASAKI2020-0387	TASAKI2020	000387	376	387	§11.1.2	content	complete	complete	3039e3480969c9f9edfbf7d9e0e28d45a58d91c5
PG-TASAKI2020-0388	TASAKI2020	000388	377	388	§11.1.2	content	complete	complete	995d15f7d6fe830f0ea4e0524e34e8f382cedd7d
PG-TASAKI2020-0389	TASAKI2020	000389	378	389	§11.1.3	content	complete	complete	8b995a36f4d73a5c85595a8d294a793a9955cb44
PG-TASAKI2020-0390	TASAKI2020	000390	379	390	§11.1.3	content	complete	complete	c56d67ced1fc17fffc592cd0235775823fadf6bd
PG-TASAKI2020-0391	TASAKI2020	000391	380	391	§11.1.4	content	complete	complete	4fd1551cad6ca739baf2a1ff10985b8ed0db4bd4
PG-TASAKI2020-0392	TASAKI2020	000392	381	392	§11.1.4	content	complete	complete	811aa2fb621c0703e005a21863989b274b40b8f2
PG-TASAKI2020-0393	TASAKI2020	000393	382	393	§11.2	content	complete	complete	a1cfd604f8e198ce4759d5c8f4b50fbd94e7a91c
PG-TASAKI2020-0394	TASAKI2020	000394	383	394	§11.2.1	content	complete	complete	7f6e886dd9c2a7f1a2e0f7db09bd41c13c2d3c56
PG-TASAKI2020-0395	TASAKI2020	000395	384	395	§11.2.1	content	complete	complete	7fd6d4be0552e7a134e7b27cb69d13858f436c3b
PG-TASAKI2020-0396	TASAKI2020	000396	385	396	§11.2.2	content	complete	complete	5c1ce13b8742043151bd5f6fc9a98a98b34198ba
PG-TASAKI2020-0397	TASAKI2020	000397	386	397	§11.2.2	content	complete	complete	29c9e223d04851f3473b7f7ac28c3ff134481d1f
PG-TASAKI2020-0398	TASAKI2020	000398	387	398	§11.2.2	content	complete	complete	e0f42d84807ef70abb2e46d9b36f821493481622
PG-TASAKI2020-0399	TASAKI2020	000399	388	399	§11.2.2	content	complete	complete	3d845822b0e96938926250bd168972c7e4310c51
PG-TASAKI2020-0400	TASAKI2020	000400	389	400	§11.2.3	content	complete	complete	da88b139174bd23d6a36eccf7a70eb36cf96deaf
PG-TASAKI2020-0401	TASAKI2020	000401	390	401	§11.3	content	complete	complete	b505035c8ef3aa9f6c3b4be616c9cc57481ad872
PG-TASAKI2020-0402	TASAKI2020	000402	391	402	§11.3.1	content	complete	complete	d7a2d913749c37966f278192023d93544d8c5d74
PG-TASAKI2020-0403	TASAKI2020	000403	392	403	§11.3.1	content	complete	complete	b068d6fe25a398cbc7127c1549cc3c3c3a77c921
PG-TASAKI2020-0404	TASAKI2020	000404	393	404	§11.3.1	content	complete	complete	ff3953452a138c617e1b0e41bce1c71c68a13240
PG-TASAKI2020-0405	TASAKI2020	000405	394	405	§11.3.1	content	complete	complete	4baabd77d6b32c73be8ff0c7cd7e19b8017eaf63
PG-TASAKI2020-0406	TASAKI2020	000406	395	406	§11.3.1	content	complete	complete	e00f8c7fec73e6e1ba624b23fdd66720c72f7515
PG-TASAKI2020-0407	TASAKI2020	000407	396	407	§11.3.1	content	complete	complete	17c62c5a7a670a81275396930b6ea40c1b8ab99d
PG-TASAKI2020-0408	TASAKI2020	000408	397	408	§11.3.1	content	complete	complete	be0372665d82243b62508d6ff6d86a37da424aa9
PG-TASAKI2020-0409	TASAKI2020	000409	398	409	§11.3.1	content	complete	complete	1994a003705f30f118ea6d95273575e5a2dc5f2c
PG-TASAKI2020-0410	TASAKI2020	000410	399	410	§11.3.1	content	complete	complete	0afc74c8e281d05a06ec2f4f35c79cb7c2c4a9cb
PG-TASAKI2020-0411	TASAKI2020	000411	400	411	§11.3.1	content	complete	complete	876ac9b9af7ff1d52a03d5f24ef5a051405db0b6
PG-TASAKI2020-0412	TASAKI2020	000412	401	412	§11.3.1	content	complete	complete	05ff3f457ea56cf44994e5fa8694ac71068c591e
PG-TASAKI2020-0413	TASAKI2020	000413	402	413	§11.3.2	content	complete	complete	1125f2b92358d3bba4f15490edf7ee1a73da7fe3
PG-TASAKI2020-0414	TASAKI2020	000414	403	414	§11.3.2	content	complete	complete	f0dd92839e070c8937eb4e84ab38680c10629a2b
PG-TASAKI2020-0415	TASAKI2020	000415	404	415	§11.3.2	content	complete	complete	8220217dc46dd2818e9eec74183e76b50ef2f3d9
PG-TASAKI2020-0416	TASAKI2020	000416	405	416	§11.3.2	content	complete	complete	ce71069073141cfdce085f91123b2eca561e1114
PG-TASAKI2020-0417	TASAKI2020	000417	406	417	§11.3.3	content	complete	complete	36b2044ae34ba01debf26996cd858caa37627cdc
PG-TASAKI2020-0418	TASAKI2020	000418	407	418	§11.3.3	content	complete	complete	31382f66bb9426d9151473d13fbfb64409044026
PG-TASAKI2020-0419	TASAKI2020	000419	408	419	§11.3.3	content	complete	complete	1e380579df07dc243cf16ad1b64b82d4d8c936f7
PG-TASAKI2020-0420	TASAKI2020	000420	409	420	§11.3.3	content	complete	complete	4db1acab0308589db5b90f520f4ed3824b583d57
PG-TASAKI2020-0421	TASAKI2020	000421	410	421	§11.3.4	content	complete	complete	36a97a146488f5b91ba74a971abc944d8f2dc7a6
PG-TASAKI2020-0422	TASAKI2020	000422	411	422	§11.3.4	content	complete	complete	32b43632b279357eda53d492c3b02562aedd6aaa
PG-TASAKI2020-0423	TASAKI2020	000423	412	423	§11.3.4	content	complete	complete	7577921f7ab9c42d0515f7188e29629d59a95119
PG-TASAKI2020-0424	TASAKI2020	000424	413	424	§11.3.4	content	complete	complete	f907c2cff48c368277d06f2479ef065c8f89a256
PG-TASAKI2020-0425	TASAKI2020	000425	414	425	§11.3.4	content	complete	complete	1374ad26c97df30eb4b3c16be512c2dd396dc2d6
PG-TASAKI2020-0426	TASAKI2020	000426	415	426	§11.4	content	complete	complete	592a565f6013b8f0c4fdc81f985a1be4e189c4fa
PG-TASAKI2020-0427	TASAKI2020	000427	416	427	§11.4.1	content	complete	complete	9d785c8022dcef0a0263949be2a010cb5000c042
PG-TASAKI2020-0428	TASAKI2020	000428	417	428	§11.4.1	content	complete	complete	950abfe9d8751c110dbdfc75dee90a2b148d35ef
PG-TASAKI2020-0429	TASAKI2020	000429	418	429	§11.4.1	content	complete	complete	baaf73348532e45533a8d2e419fce6dc97259f4a
PG-TASAKI2020-0430	TASAKI2020	000430	419	430	§11.4.1	content	complete	complete	8d8fe907b45ca689a8772675b900b949d605c6e8
PG-TASAKI2020-0431	TASAKI2020	000431	420	431	§11.4.1	content	complete	complete	a591fc4999a52a0f1c51741f06b6b2103cb7c13c
PG-TASAKI2020-0432	TASAKI2020	000432	421	432	§11.4.1	content	complete	complete	f4353983d7818ac9f7a22f3c42e506fafb91aad8
PG-TASAKI2020-0433	TASAKI2020	000433	422	433	§11.4.2	content	complete	complete	8d8ba68b9ddc340c29f1c0592c7eb67d01d144be
PG-TASAKI2020-0434	TASAKI2020	000434	423	434	§11.4.2	content	complete	complete	69ef741f6302b4d5ab183f0f21eae84733d08284
PG-TASAKI2020-0435	TASAKI2020	000435	424	435	§11.4.2	content	complete	complete	6687f0a25c563635cf0ed587739976b492885c50
PG-TASAKI2020-0436	TASAKI2020	000436	425	436	§11.4.2	content	complete	complete	c204a4d48d8ea6e81a205734ca4e59de35bc2fc7
PG-TASAKI2020-0437	TASAKI2020	000437	426	437	§11.4.3	content	complete	complete	2f4a50b5c172235044e37b9562c1246d8b49f907
PG-TASAKI2020-0438	TASAKI2020	000438	427	438	§11.4.3	content	complete	complete	7604dc8f2ded09b008ac7b520a889d41c1ba6782
PG-TASAKI2020-0439	TASAKI2020	000439	428	439	§11.4.3	content	complete	complete	2b49a9d9b4889a33e020aad72ff15001d18413e8
PG-TASAKI2020-0440	TASAKI2020	000440	429	440	§11.4.3	content	complete	complete	ebd5237d4c4ad53bfb4c44896eb458d10b87b25a
PG-TASAKI2020-0441	TASAKI2020	000441	430	441	§11.4.3	content	complete	complete	49fd8a6e22eaaaee47fc8f4429961785d1f2e37e
PG-TASAKI2020-0442	TASAKI2020	000442	431	442	§11.4.3	content	complete	complete	cb257dc7f218739e1efdfabf5392ced560fe2549
PG-TASAKI2020-0443	TASAKI2020	000443	432	443	§11.4.3	content	complete	complete	d8838f5079d7dc63f5346fd142d60613cdcfa4f3
PG-TASAKI2020-0444	TASAKI2020	000444	433	444	§11.4.3	content	complete	complete	8b489c2e3f10caded5e3ef51a6ecceef9e585e20
PG-TASAKI2020-0445	TASAKI2020	000445	434	445	§11.4.3	content	complete	complete	780cc3f412519e23385d4714ed62f98885fa1811
PG-TASAKI2020-0446	TASAKI2020	000446	435	446	§11.4.3	content	complete	complete	8c22e3475633b37c439da7e6c81daa55830ec8b9
PG-TASAKI2020-0447	TASAKI2020	000447	436	447	§11.4.3	content	complete	complete	c6cb925e9440dd196ee3a6997fb072232957bd9c
PG-TASAKI2020-0448	TASAKI2020	000448	437	448	§11.4.3	content	complete	complete	cbcfe4db762e84b28be0f4e830f58ead82e5857a
PG-TASAKI2020-0449	TASAKI2020	000449	438	449	§11.4.3	content	complete	complete	147ccba06baf489b2622cddefc3d647b437e5507
PG-TASAKI2020-0450	TASAKI2020	000450	439	450	§11.5	content	complete	complete	ad924bf07a4e3e7b909d470cdff7bd5956806d68
PG-TASAKI2020-0451	TASAKI2020	000451	440	451	§11.5.1	content	complete	complete	076e6cc59aac43957963f9203dd79ee77545588f
PG-TASAKI2020-0452	TASAKI2020	000452	441	452	§11.5.1	content	complete	complete	4c489caddb67f0db57f650c2342bd6b8231337b6
PG-TASAKI2020-0453	TASAKI2020	000453	442	453	§11.5.2	content	complete	complete	aefe38e7806b7ec57bc6864c7c8894abe0d8acd4
PG-TASAKI2020-0454	TASAKI2020	000454	443	454	§11.5.2	content	complete	complete	796a42e2a30019c60a46f6ab3313ddc24f6ba51a
PG-TASAKI2020-0455	TASAKI2020	000455	444	455	§11.5.2	content	complete	complete	baee65991d2c3d03b4ebeeee707837d4c6cb5f80
PG-TASAKI2020-0456	TASAKI2020	000456	445	456	§11.5.2	content	complete	complete	338ad2c8ab8d0c863c68201ae3c5ee2343a06f6d
PG-TASAKI2020-0457	TASAKI2020	000457	446	457	§11.5.2	content	complete	complete	9c0ae88fcceb751badb3cb3013a6be7fb2d0871e
PG-TASAKI2020-0458	TASAKI2020	000458	447	458	§11.5.2	content	complete	complete	0edf44ae5404d9c8323b9cdd3327d34c5bf30d76
PG-TASAKI2020-0459	TASAKI2020	000459	448	459	§11.5.2	content	complete	complete	5cc3a6cdfb6be0aa05e4b7f75ee5e1f629e27f08
PG-TASAKI2020-0460	TASAKI2020	000460	449	460	§11.5.2	content	complete	complete	e41ab2e780570a592f1be6ab0690549c21b631b2
PG-TASAKI2020-0461	TASAKI2020	000461	450	461	§11.5.2	content	complete	complete	a8fa0c5c6c6b2e90842178a94848ed3028530266
PG-TASAKI2020-0462	TASAKI2020	000462	451	462	§11.5.2	content	complete	complete	94d469c856ed97dcfa64baa447afc04c55771342
PG-TASAKI2020-0463	TASAKI2020	000463	452	463	§11.5.2	content	complete	complete	818e41d69db6d8405a00d9dd382d346bd39fc4a9
PG-TASAKI2020-0464	TASAKI2020	000464	453	464	References	content	complete	complete	070073d95f0f7a59221e74902bd862411413d8ef
PG-TASAKI2020-0465	TASAKI2020	000465	454	465	References	content	complete	complete	69a42b65055cfdaef175731176349173d7dc64a2
PG-TASAKI2020-0466	TASAKI2020	000466	455	466	References	content	complete	complete	a8f2ff2c47b7b1e99f7b0abad26a0d9b4ceb1de0
PG-TASAKI2020-0467	TASAKI2020	000467	457	467	NONE	content	complete	complete	a15a61d467b14902b3cc879ab4926c5e1ab4ef8e
PG-TASAKI2020-0468	TASAKI2020	000468	458	468	§A.1	content	complete	complete	3efe87d0122e952dc34b29f2efed4b43594b1d6b
PG-TASAKI2020-0469	TASAKI2020	000469	459	469	§A.1	content	complete	complete	c8b7342a5563a057af3495ba5a97fee3db2bbb41
PG-TASAKI2020-0470	TASAKI2020	000470	460	470	§A.1	content	complete	complete	c20249219deaf5630f86a62b355b2c9f6fdee891
PG-TASAKI2020-0471	TASAKI2020	000471	461	471	§A.1	content	complete	complete	fa2ec8101da29b3d171373d4632623a8b24791ef
PG-TASAKI2020-0472	TASAKI2020	000472	462	472	§A.1	content	complete	complete	04bff1bc5a00bc77dfdc72c2ca2202373604ede9
PG-TASAKI2020-0473	TASAKI2020	000473	463	473	§A.2.1	content	complete	complete	637fbe9960951d5681a28f6dbd65cf05d1859d43
PG-TASAKI2020-0474	TASAKI2020	000474	464	474	§A.2.1	content	complete	complete	ca29457d6276b67c345d0b78f6f1394a2c9ab9ed
PG-TASAKI2020-0475	TASAKI2020	000475	465	475	§A.2.2	content	complete	complete	6d5a7df31aa188729a66353436a58f35c7abf8a9
PG-TASAKI2020-0476	TASAKI2020	000476	466	476	§A.2.2	content	complete	complete	d17533221bbf1d0e76df2e383c61f4904ab06299
PG-TASAKI2020-0477	TASAKI2020	000477	467	477	§A.2.2	content	complete	complete	fdb27de85d05368d9883d90d3994f5226a4f66aa
PG-TASAKI2020-0478	TASAKI2020	000478	468	478	§A.2.3	content	complete	complete	98d62a5791075726a480f12afbf5dd2e8f427076
PG-TASAKI2020-0479	TASAKI2020	000479	469	479	§A.2.3	content	complete	complete	a3bae9b512c7fff56a3a3db088dc7b6e35d8ab54
PG-TASAKI2020-0480	TASAKI2020	000480	470	480	§A.2.3	content	complete	complete	946958c76d5b4908b5ce844fc319c5031214ef6f
PG-TASAKI2020-0481	TASAKI2020	000481	471	481	§A.3.1	content	complete	complete	fb460719f5d7bf8e2f2a1fca7cd6245488124c71
PG-TASAKI2020-0482	TASAKI2020	000482	472	482	§A.3.1	content	complete	complete	c019ddb8a437b0bd283762e126251ba71fe14965
PG-TASAKI2020-0483	TASAKI2020	000483	473	483	§A.3.2	content	complete	complete	b18047682ca1ec1d18a880adf668a15b28b61475
PG-TASAKI2020-0484	TASAKI2020	000484	474	484	§A.3.3	content	complete	complete	0988307f7f41b0ec6f588915d2d2771551dd2965
PG-TASAKI2020-0485	TASAKI2020	000485	475	485	§A.3.3	content	complete	complete	9256799fe5f3a253a677b66086454e141633d881
PG-TASAKI2020-0486	TASAKI2020	000486	476	486	§A.4.1	content	complete	complete	aa320d8d6c316e0c88dd2d8b0826faa0ef7d908b
PG-TASAKI2020-0487	TASAKI2020	000487	477	487	§A.4.2	content	complete	complete	935b1c947f2cf9926f2e6f58489902edbc9329e6
PG-TASAKI2020-0488	TASAKI2020	000488	478	488	§A.4.2	content	complete	complete	6897649fdca59986e5afdb4ff07ac7ffa24cb08e
PG-TASAKI2020-0489	TASAKI2020	000489	479	489	§A.4.3	content	complete	complete	eec7acf22dde43ff5cbd2418bce2c53866fc65f3
PG-TASAKI2020-0490	TASAKI2020	000490	480	490	§A.5	content	complete	complete	4586fbbe62d7f755154acda11c0e04962638044e
PG-TASAKI2020-0491	TASAKI2020	000491	481	491	§A.5	content	complete	complete	0eff89680e2f73f87702fd914ebffb9e327f3562
PG-TASAKI2020-0492	TASAKI2020	000492	482	492	§A.5	content	complete	complete	a3ec758c11f921b283c2c20bae5cf8031cb8ecf8
PG-TASAKI2020-0493	TASAKI2020	000493	483	493	§A.6.1	content	complete	complete	ce9a6a38ad240767b1c85c39f54bb1cfb0d75a4b
PG-TASAKI2020-0494	TASAKI2020	000494	484	494	§A.6.1	content	complete	complete	785a74773e538f237479f5740c20057459be49b0
PG-TASAKI2020-0495	TASAKI2020	000495	485	495	§A.6.1	content	complete	complete	151059844515702c0ffcfd1a638145f19550396a
PG-TASAKI2020-0496	TASAKI2020	000496	486	496	§A.6.2	content	complete	complete	cce52c817352b1560b8fecc367e3db70704d1e1a
PG-TASAKI2020-0497	TASAKI2020	000497	487	497	§A.7	content	complete	complete	daca16387e2b290e8567bbb3c12f082008b6952a
PG-TASAKI2020-0498	TASAKI2020	000498	488	498	§A.7	content	complete	complete	ac8f7057a8068c39fb6995a161d2b4752e53a93e
PG-TASAKI2020-0499	TASAKI2020	000499	489	499	§A.7	content	complete	complete	1b2c35695b9820d0c67b835c21001b7961328771
PG-TASAKI2020-0500	TASAKI2020	000500	490	500	§A.7	content	complete	complete	7e983d347f1cea53691019230872db28e93cbdfa
PG-TASAKI2020-0501	TASAKI2020	000501	491	501	§A.7	content	complete	complete	d46c1eaf2801dbb7367555603e03a2001d5a3d27
PG-TASAKI2020-0502	TASAKI2020	000502	493	502	Solutions	back_matter	complete	complete	7103ccaa6b2c4bf76c7eb2264ef4b11fb030562d
PG-TASAKI2020-0503	TASAKI2020	000503	494	503	Solutions	back_matter	complete	complete	0d0adf41603e97d5eee2c4f8158b08ed0f4edb91
PG-TASAKI2020-0504	TASAKI2020	000504	495	504	Solutions	back_matter	complete	complete	6c465f38c0341a595103ab8d46b632f64e8bed45
PG-TASAKI2020-0505	TASAKI2020	000505	496	505	Solutions	back_matter	complete	complete	89157a98e95c56f4a25255597bb31da4a9d4d588
PG-TASAKI2020-0506	TASAKI2020	000506	497	506	Solutions	back_matter	complete	complete	81c69349a29933c931764c4e346f2ea8832b5b07
PG-TASAKI2020-0507	TASAKI2020	000507	498	507	Solutions	back_matter	complete	complete	08916ccb9765069c8e5b1bc33e5fd6ee2453b893
PG-TASAKI2020-0508	TASAKI2020	000508	499	508	Solutions	back_matter	complete	complete	6bffcfc55340cb36a3761d702bf2447e838ac250
PG-TASAKI2020-0509	TASAKI2020	000509	500	509	Solutions	back_matter	complete	complete	863a0bd7cef893d3594044c360f7e190610235f1
PG-TASAKI2020-0510	TASAKI2020	000510	501	510	Solutions	back_matter	complete	complete	102ecc75a5ba94930679ae237d51f9ba9774e8b4
PG-TASAKI2020-0511	TASAKI2020	000511	502	511	Solutions	back_matter	complete	complete	bb009cf2f46e0b02033d7e93ac45e0a2c04ac075
PG-TASAKI2020-0512	TASAKI2020	000512	503	512	Solutions	back_matter	complete	complete	f02255ce34d7699f23550606113ecdc351aea735
PG-TASAKI2020-0513	TASAKI2020	000513	504	513	Solutions	back_matter	complete	complete	1ae2a246ca80cfbb7266cd0eb453dc368deb86e8
PG-TASAKI2020-0514	TASAKI2020	000514	505	514	Solutions	back_matter	complete	complete	6cf9d418e20d6120b6a017dc8e60e1776b0d9636
PG-TASAKI2020-0515	TASAKI2020	000515	506	515	Solutions	back_matter	complete	complete	dd8d5ec26a700d98cf76035644d4e29a204f0873
PG-TASAKI2020-0516	TASAKI2020	000516	507	516	Solutions	back_matter	complete	complete	4b75bfa492303c6449b7fadcaeccecde7c4fa975
PG-TASAKI2020-0517	TASAKI2020	000517	508	517	Solutions	back_matter	complete	complete	b2871f77bf6ca4271a68bf37ac427039cf9b119f
PG-TASAKI2020-0518	TASAKI2020	000518	509	518	Solutions	back_matter	complete	complete	0a34545f6b97b9fd9da070fcfc117ec1e0063bed
PG-TASAKI2020-0519	TASAKI2020	000519	510	519	Solutions	back_matter	complete	complete	60a64cbe8cdd9ec54d456c4940c73afbf7e2cf43
PG-TASAKI2020-0520	TASAKI2020	000520	511	520	Solutions	back_matter	complete	complete	95e5b513dd033fc435ecc256475829abdda2df0d
PG-TASAKI2020-0521	TASAKI2020	000521	512	521	Solutions	back_matter	complete	complete	3c6077659e0d2a49437d2741308b9ea4d12bbbfb
PG-TASAKI2020-0522	TASAKI2020	000522	513	522	Solutions	back_matter	complete	complete	966b01d80d42ba9c45b60ce1b7f3948dbb92c2bc
PG-TASAKI2020-0523	TASAKI2020	000523	514	523	Solutions	back_matter	complete	complete	8f7496264e4ba63d8cbcdb188d39eb8638fe6f36
PG-TASAKI2020-0524	TASAKI2020	000524	515	524	Solutions	back_matter	complete	complete	e8e2ce7e637b8cc352071e8ddb7a5f7e6f9a12f7
PG-TASAKI2020-0525	TASAKI2020	000525	516	525	Solutions	back_matter	complete	complete	19c34754c670066882a5a86aaad550c82416d27e
PG-TASAKI2020-0526	TASAKI2020	000526	517	526	Solutions	back_matter	complete	complete	612c6b769ed9bf5fc30fea5e3701d00bb23670cf
PG-TASAKI2020-0527	TASAKI2020	000527	518	527	Solutions	back_matter	complete	complete	ea085126d121d35aaf4842bae55380e3cc9cb093
PG-TASAKI2020-0528	TASAKI2020	000528	519	528	Solutions	back_matter	complete	complete	3952f6d25fb20eceb2e7826cebf610e5e88ee87e
PG-TASAKI2020-0529	TASAKI2020	000529	520	529	Solutions	back_matter	complete	complete	6c885702aea4383d36f68ed984111af68b105564
PG-TASAKI2020-0530	TASAKI2020	000530	521	530	Index	index	complete	complete	ca1e782319ff221ed8a006247404d0c059293fd1
PG-TASAKI2020-0531	TASAKI2020	000531	522	531	Index	index	complete	complete	a07ac206a90461d7208931e65a1b5bc4b5849a6a
PG-TASAKI2020-0532	TASAKI2020	000532	523	532	Index	index	complete	complete	e7539e4d06e0d72eee376f9a21ef692f21a2d5b6
PG-TASAKI2020-0533	TASAKI2020	000533	524	533	Index	index	complete	complete	1ef8b7a6f8d1badb45ab53beffeea59e9f70f3df
PG-TASAKI2020-0534	TASAKI2020	000534	525	534	Index	index	complete	complete	9cb5bb15c6a059b6bf90c70f9491614610c2cc9b
