path	oid
fixtures/base-diff/base/references/tasaki-2020.tsv	04435e32bb03f99e7e74c95423de94158e964424
fixtures/base-diff/base/registry/axioms.tsv	d51f26fe4ce015b58a1d8a80537b6e9d3f0f9d97
fixtures/base-diff/base/registry/bindings.tsv	b82707b5144ae32cb2491154c9e3d65963eb19d6
fixtures/base-diff/base/registry/claim-axioms.tsv	ca648188bc37ea3dc183e709fbe650fc8e733f20
fixtures/base-diff/base/registry/claims.tsv	c5139bac8447b7d5d78ed6e98a693d223c6d5c7b
fixtures/base-diff/base/registry/dependencies.tsv	869e00d70ed21b0390654d9e3a09a896d8563ff3
fixtures/base-diff/base/registry/pages.tsv	7adff757c3f8ce772ed1043b217461ea1e827e39
fixtures/base-diff/base/registry/phase.tsv	9e02a852bd58a98884b8f803ec2ad3b3cb80de95
fixtures/base-diff/base/registry/slices.tsv	f1999187d3be0cb36fc553d2441a7b4d4db032d5
fixtures/base-diff/claim-oid-bad/references/tasaki-2020.tsv	04435e32bb03f99e7e74c95423de94158e964424
fixtures/base-diff/claim-oid-bad/registry/axioms.tsv	d51f26fe4ce015b58a1d8a80537b6e9d3f0f9d97
fixtures/base-diff/claim-oid-bad/registry/bindings.tsv	b82707b5144ae32cb2491154c9e3d65963eb19d6
fixtures/base-diff/claim-oid-bad/registry/claim-axioms.tsv	ca648188bc37ea3dc183e709fbe650fc8e733f20
fixtures/base-diff/claim-oid-bad/registry/claims.tsv	536ce0a4706c0568762e6474d54c3d6072c7d315
fixtures/base-diff/claim-oid-bad/registry/dependencies.tsv	869e00d70ed21b0390654d9e3a09a896d8563ff3
fixtures/base-diff/claim-oid-bad/registry/pages.tsv	7adff757c3f8ce772ed1043b217461ea1e827e39
fixtures/base-diff/claim-oid-bad/registry/phase.tsv	9e02a852bd58a98884b8f803ec2ad3b3cb80de95
fixtures/base-diff/claim-oid-bad/registry/slices.tsv	f1999187d3be0cb36fc553d2441a7b4d4db032d5
fixtures/base-diff/claim-oid-base/references/tasaki-2020.tsv	04435e32bb03f99e7e74c95423de94158e964424
fixtures/base-diff/claim-oid-base/registry/axioms.tsv	d51f26fe4ce015b58a1d8a80537b6e9d3f0f9d97
fixtures/base-diff/claim-oid-base/registry/bindings.tsv	b82707b5144ae32cb2491154c9e3d65963eb19d6
fixtures/base-diff/claim-oid-base/registry/claim-axioms.tsv	ca648188bc37ea3dc183e709fbe650fc8e733f20
fixtures/base-diff/claim-oid-base/registry/claims.tsv	7159c91abdf804ce2c8e173c5b19cbe2d7b02c72
fixtures/base-diff/claim-oid-base/registry/dependencies.tsv	869e00d70ed21b0390654d9e3a09a896d8563ff3
fixtures/base-diff/claim-oid-base/registry/pages.tsv	7adff757c3f8ce772ed1043b217461ea1e827e39
fixtures/base-diff/claim-oid-base/registry/phase.tsv	9e02a852bd58a98884b8f803ec2ad3b3cb80de95
fixtures/base-diff/claim-oid-base/registry/slices.tsv	f1999187d3be0cb36fc553d2441a7b4d4db032d5
fixtures/base-diff/claim-oid-freeze-bad/references/tasaki-2020.tsv	04435e32bb03f99e7e74c95423de94158e964424
fixtures/base-diff/claim-oid-freeze-bad/registry/axioms.tsv	d51f26fe4ce015b58a1d8a80537b6e9d3f0f9d97
fixtures/base-diff/claim-oid-freeze-bad/registry/bindings.tsv	b82707b5144ae32cb2491154c9e3d65963eb19d6
fixtures/base-diff/claim-oid-freeze-bad/registry/claim-axioms.tsv	ca648188bc37ea3dc183e709fbe650fc8e733f20
fixtures/base-diff/claim-oid-freeze-bad/registry/claims.tsv	def14ed16f931da407f5428a92402ed333995a9b
fixtures/base-diff/claim-oid-freeze-bad/registry/dependencies.tsv	869e00d70ed21b0390654d9e3a09a896d8563ff3
fixtures/base-diff/claim-oid-freeze-bad/registry/pages.tsv	7adff757c3f8ce772ed1043b217461ea1e827e39
fixtures/base-diff/claim-oid-freeze-bad/registry/phase.tsv	9e02a852bd58a98884b8f803ec2ad3b3cb80de95
fixtures/base-diff/claim-oid-freeze-bad/registry/slices.tsv	f1999187d3be0cb36fc553d2441a7b4d4db032d5
fixtures/base-diff/claim-oid-good/references/tasaki-2020.tsv	04435e32bb03f99e7e74c95423de94158e964424
fixtures/base-diff/claim-oid-good/registry/axioms.tsv	d51f26fe4ce015b58a1d8a80537b6e9d3f0f9d97
fixtures/base-diff/claim-oid-good/registry/bindings.tsv	b82707b5144ae32cb2491154c9e3d65963eb19d6
fixtures/base-diff/claim-oid-good/registry/claim-axioms.tsv	ca648188bc37ea3dc183e709fbe650fc8e733f20
fixtures/base-diff/claim-oid-good/registry/claims.tsv	36d23000b156fef461b0d78eeeea45b3c1ada81a
fixtures/base-diff/claim-oid-good/registry/dependencies.tsv	869e00d70ed21b0390654d9e3a09a896d8563ff3
fixtures/base-diff/claim-oid-good/registry/pages.tsv	7adff757c3f8ce772ed1043b217461ea1e827e39
fixtures/base-diff/claim-oid-good/registry/phase.tsv	9e02a852bd58a98884b8f803ec2ad3b3cb80de95
fixtures/base-diff/claim-oid-good/registry/slices.tsv	f1999187d3be0cb36fc553d2441a7b4d4db032d5
fixtures/base-diff/deletion/references/tasaki-2020.tsv	04435e32bb03f99e7e74c95423de94158e964424
fixtures/base-diff/deletion/registry/axioms.tsv	d51f26fe4ce015b58a1d8a80537b6e9d3f0f9d97
fixtures/base-diff/deletion/registry/bindings.tsv	b82707b5144ae32cb2491154c9e3d65963eb19d6
fixtures/base-diff/deletion/registry/claim-axioms.tsv	ca648188bc37ea3dc183e709fbe650fc8e733f20
fixtures/base-diff/deletion/registry/claims.tsv	b4c912355b44fc1ae28db7f20d6766f889afcd38
fixtures/base-diff/deletion/registry/dependencies.tsv	869e00d70ed21b0390654d9e3a09a896d8563ff3
fixtures/base-diff/deletion/registry/pages.tsv	7adff757c3f8ce772ed1043b217461ea1e827e39
fixtures/base-diff/deletion/registry/phase.tsv	9e02a852bd58a98884b8f803ec2ad3b3cb80de95
fixtures/base-diff/deletion/registry/slices.tsv	f1999187d3be0cb36fc553d2441a7b4d4db032d5
fixtures/base-diff/drift/references/tasaki-2020.tsv	04435e32bb03f99e7e74c95423de94158e964424
fixtures/base-diff/drift/registry/axioms.tsv	d51f26fe4ce015b58a1d8a80537b6e9d3f0f9d97
fixtures/base-diff/drift/registry/bindings.tsv	b82707b5144ae32cb2491154c9e3d65963eb19d6
fixtures/base-diff/drift/registry/claim-axioms.tsv	ca648188bc37ea3dc183e709fbe650fc8e733f20
fixtures/base-diff/drift/registry/claims.tsv	4a5e99a7384bc89ade3e10c63606d077af79f278
fixtures/base-diff/drift/registry/dependencies.tsv	869e00d70ed21b0390654d9e3a09a896d8563ff3
fixtures/base-diff/drift/registry/pages.tsv	7adff757c3f8ce772ed1043b217461ea1e827e39
fixtures/base-diff/drift/registry/phase.tsv	9e02a852bd58a98884b8f803ec2ad3b3cb80de95
fixtures/base-diff/drift/registry/slices.tsv	f1999187d3be0cb36fc553d2441a7b4d4db032d5
fixtures/base-diff/good/references/tasaki-2020.tsv	04435e32bb03f99e7e74c95423de94158e964424
fixtures/base-diff/good/registry/axioms.tsv	d51f26fe4ce015b58a1d8a80537b6e9d3f0f9d97
fixtures/base-diff/good/registry/bindings.tsv	b82707b5144ae32cb2491154c9e3d65963eb19d6
fixtures/base-diff/good/registry/claim-axioms.tsv	ca648188bc37ea3dc183e709fbe650fc8e733f20
fixtures/base-diff/good/registry/claims.tsv	c5139bac8447b7d5d78ed6e98a693d223c6d5c7b
fixtures/base-diff/good/registry/dependencies.tsv	869e00d70ed21b0390654d9e3a09a896d8563ff3
fixtures/base-diff/good/registry/pages.tsv	7adff757c3f8ce772ed1043b217461ea1e827e39
fixtures/base-diff/good/registry/phase.tsv	9e02a852bd58a98884b8f803ec2ad3b3cb80de95
fixtures/base-diff/good/registry/slices.tsv	f1999187d3be0cb36fc553d2441a7b4d4db032d5
fixtures/base-diff/lifecycle-bad-edition/references/tasaki-2020.tsv	85f08554df33d207f2aa864051c20c4913170bcd
fixtures/base-diff/lifecycle-bad-edition/registry/axioms.tsv	d51f26fe4ce015b58a1d8a80537b6e9d3f0f9d97
fixtures/base-diff/lifecycle-bad-edition/registry/bindings.tsv	b82707b5144ae32cb2491154c9e3d65963eb19d6
fixtures/base-diff/lifecycle-bad-edition/registry/claim-axioms.tsv	ca648188bc37ea3dc183e709fbe650fc8e733f20
fixtures/base-diff/lifecycle-bad-edition/registry/claims.tsv	c5139bac8447b7d5d78ed6e98a693d223c6d5c7b
fixtures/base-diff/lifecycle-bad-edition/registry/dependencies.tsv	869e00d70ed21b0390654d9e3a09a896d8563ff3
fixtures/base-diff/lifecycle-bad-edition/registry/pages.tsv	7adff757c3f8ce772ed1043b217461ea1e827e39
fixtures/base-diff/lifecycle-bad-edition/registry/phase.tsv	9e02a852bd58a98884b8f803ec2ad3b3cb80de95
fixtures/base-diff/lifecycle-bad-edition/registry/slices.tsv	f1999187d3be0cb36fc553d2441a7b4d4db032d5
fixtures/base-diff/lifecycle-base/references/tasaki-2020.tsv	3010f3952f7102d128a81ebbe0415ae6bd0d3413
fixtures/base-diff/lifecycle-base/registry/axioms.tsv	c49b243296ecc684d88bd577ce05f98c4a737167
fixtures/base-diff/lifecycle-base/registry/bindings.tsv	31ed41e5cee5de5453572e2bc3f0dc8d19f1a16a
fixtures/base-diff/lifecycle-base/registry/claim-axioms.tsv	ca648188bc37ea3dc183e709fbe650fc8e733f20
fixtures/base-diff/lifecycle-base/registry/claims.tsv	b4c912355b44fc1ae28db7f20d6766f889afcd38
fixtures/base-diff/lifecycle-base/registry/dependencies.tsv	869e00d70ed21b0390654d9e3a09a896d8563ff3
fixtures/base-diff/lifecycle-base/registry/pages.tsv	b6a68f5985475b0ddaa9e2a2d7b82775cf6d1a28
fixtures/base-diff/lifecycle-base/registry/phase.tsv	0b9ef39cf76ffc6d13045deae99646b7dfebf75c
fixtures/base-diff/lifecycle-base/registry/slices.tsv	7396548bca95bd383dce73e47c13dff5a778aa01
fixtures/base-diff/lifecycle-edition-drift/references/tasaki-2020.tsv	d9292cb202298e256801621be32b104db4a3364a
fixtures/base-diff/lifecycle-edition-drift/registry/axioms.tsv	d51f26fe4ce015b58a1d8a80537b6e9d3f0f9d97
fixtures/base-diff/lifecycle-edition-drift/registry/bindings.tsv	b82707b5144ae32cb2491154c9e3d65963eb19d6
fixtures/base-diff/lifecycle-edition-drift/registry/claim-axioms.tsv	ca648188bc37ea3dc183e709fbe650fc8e733f20
fixtures/base-diff/lifecycle-edition-drift/registry/claims.tsv	c5139bac8447b7d5d78ed6e98a693d223c6d5c7b
fixtures/base-diff/lifecycle-edition-drift/registry/dependencies.tsv	869e00d70ed21b0390654d9e3a09a896d8563ff3
fixtures/base-diff/lifecycle-edition-drift/registry/pages.tsv	7adff757c3f8ce772ed1043b217461ea1e827e39
fixtures/base-diff/lifecycle-edition-drift/registry/phase.tsv	9e02a852bd58a98884b8f803ec2ad3b3cb80de95
fixtures/base-diff/lifecycle-edition-drift/registry/slices.tsv	f1999187d3be0cb36fc553d2441a7b4d4db032d5
fixtures/base-diff/lifecycle-good/references/tasaki-2020.tsv	5744b3fd30cbfa7ee3999332bdee323d87bcc810
fixtures/base-diff/lifecycle-good/registry/axioms.tsv	d51f26fe4ce015b58a1d8a80537b6e9d3f0f9d97
fixtures/base-diff/lifecycle-good/registry/bindings.tsv	b82707b5144ae32cb2491154c9e3d65963eb19d6
fixtures/base-diff/lifecycle-good/registry/claim-axioms.tsv	ca648188bc37ea3dc183e709fbe650fc8e733f20
fixtures/base-diff/lifecycle-good/registry/claims.tsv	c5139bac8447b7d5d78ed6e98a693d223c6d5c7b
fixtures/base-diff/lifecycle-good/registry/dependencies.tsv	869e00d70ed21b0390654d9e3a09a896d8563ff3
fixtures/base-diff/lifecycle-good/registry/pages.tsv	7adff757c3f8ce772ed1043b217461ea1e827e39
fixtures/base-diff/lifecycle-good/registry/phase.tsv	9e02a852bd58a98884b8f803ec2ad3b3cb80de95
fixtures/base-diff/lifecycle-good/registry/slices.tsv	f1999187d3be0cb36fc553d2441a7b4d4db032d5
fixtures/base-diff/lifecycle-oid-drift/references/tasaki-2020.tsv	9ea946d7c8ee70ae1e799f2d77b3918ed0c92929
fixtures/base-diff/lifecycle-oid-drift/registry/axioms.tsv	d51f26fe4ce015b58a1d8a80537b6e9d3f0f9d97
fixtures/base-diff/lifecycle-oid-drift/registry/bindings.tsv	b82707b5144ae32cb2491154c9e3d65963eb19d6
fixtures/base-diff/lifecycle-oid-drift/registry/claim-axioms.tsv	ca648188bc37ea3dc183e709fbe650fc8e733f20
fixtures/base-diff/lifecycle-oid-drift/registry/claims.tsv	c5139bac8447b7d5d78ed6e98a693d223c6d5c7b
fixtures/base-diff/lifecycle-oid-drift/registry/dependencies.tsv	869e00d70ed21b0390654d9e3a09a896d8563ff3
fixtures/base-diff/lifecycle-oid-drift/registry/pages.tsv	7adff757c3f8ce772ed1043b217461ea1e827e39
fixtures/base-diff/lifecycle-oid-drift/registry/phase.tsv	9e02a852bd58a98884b8f803ec2ad3b3cb80de95
fixtures/base-diff/lifecycle-oid-drift/registry/slices.tsv	f1999187d3be0cb36fc553d2441a7b4d4db032d5
fixtures/base-diff/lifecycle-partial-oid/references/tasaki-2020.tsv	42731b2f856f1636b3c5c90ca382ba2ef91c0378
fixtures/base-diff/lifecycle-partial-oid/registry/axioms.tsv	d51f26fe4ce015b58a1d8a80537b6e9d3f0f9d97
fixtures/base-diff/lifecycle-partial-oid/registry/bindings.tsv	b82707b5144ae32cb2491154c9e3d65963eb19d6
fixtures/base-diff/lifecycle-partial-oid/registry/claim-axioms.tsv	ca648188bc37ea3dc183e709fbe650fc8e733f20
fixtures/base-diff/lifecycle-partial-oid/registry/claims.tsv	c5139bac8447b7d5d78ed6e98a693d223c6d5c7b
fixtures/base-diff/lifecycle-partial-oid/registry/dependencies.tsv	869e00d70ed21b0390654d9e3a09a896d8563ff3
fixtures/base-diff/lifecycle-partial-oid/registry/pages.tsv	7adff757c3f8ce772ed1043b217461ea1e827e39
fixtures/base-diff/lifecycle-partial-oid/registry/phase.tsv	9e02a852bd58a98884b8f803ec2ad3b3cb80de95
fixtures/base-diff/lifecycle-partial-oid/registry/slices.tsv	f1999187d3be0cb36fc553d2441a7b4d4db032d5
fixtures/base-diff/lifecycle-regress/references/tasaki-2020.tsv	5744b3fd30cbfa7ee3999332bdee323d87bcc810
fixtures/base-diff/lifecycle-regress/registry/axioms.tsv	d51f26fe4ce015b58a1d8a80537b6e9d3f0f9d97
fixtures/base-diff/lifecycle-regress/registry/bindings.tsv	b82707b5144ae32cb2491154c9e3d65963eb19d6
fixtures/base-diff/lifecycle-regress/registry/claim-axioms.tsv	ca648188bc37ea3dc183e709fbe650fc8e733f20
fixtures/base-diff/lifecycle-regress/registry/claims.tsv	c5139bac8447b7d5d78ed6e98a693d223c6d5c7b
fixtures/base-diff/lifecycle-regress/registry/dependencies.tsv	869e00d70ed21b0390654d9e3a09a896d8563ff3
fixtures/base-diff/lifecycle-regress/registry/pages.tsv	7adff757c3f8ce772ed1043b217461ea1e827e39
fixtures/base-diff/lifecycle-regress/registry/phase.tsv	9e02a852bd58a98884b8f803ec2ad3b3cb80de95
fixtures/base-diff/lifecycle-regress/registry/slices.tsv	f1999187d3be0cb36fc553d2441a7b4d4db032d5
fixtures/base-diff/regression/references/tasaki-2020.tsv	04435e32bb03f99e7e74c95423de94158e964424
fixtures/base-diff/regression/registry/axioms.tsv	d51f26fe4ce015b58a1d8a80537b6e9d3f0f9d97
fixtures/base-diff/regression/registry/bindings.tsv	b82707b5144ae32cb2491154c9e3d65963eb19d6
fixtures/base-diff/regression/registry/claim-axioms.tsv	ca648188bc37ea3dc183e709fbe650fc8e733f20
fixtures/base-diff/regression/registry/claims.tsv	c5139bac8447b7d5d78ed6e98a693d223c6d5c7b
fixtures/base-diff/regression/registry/dependencies.tsv	869e00d70ed21b0390654d9e3a09a896d8563ff3
fixtures/base-diff/regression/registry/pages.tsv	7adff757c3f8ce772ed1043b217461ea1e827e39
fixtures/base-diff/regression/registry/phase.tsv	a7fb460de0ef8ebf5a7f73ee2c08f7217014757b
fixtures/base-diff/regression/registry/slices.tsv	f1999187d3be0cb36fc553d2441a7b4d4db032d5
fixtures/base-diff/supersession-bad/references/tasaki-2020.tsv	04435e32bb03f99e7e74c95423de94158e964424
fixtures/base-diff/supersession-bad/registry/axioms.tsv	d51f26fe4ce015b58a1d8a80537b6e9d3f0f9d97
fixtures/base-diff/supersession-bad/registry/bindings.tsv	b82707b5144ae32cb2491154c9e3d65963eb19d6
fixtures/base-diff/supersession-bad/registry/claim-axioms.tsv	ca648188bc37ea3dc183e709fbe650fc8e733f20
fixtures/base-diff/supersession-bad/registry/claims.tsv	94c9bdabcbafd363882e44584707135b32590bf6
fixtures/base-diff/supersession-bad/registry/dependencies.tsv	869e00d70ed21b0390654d9e3a09a896d8563ff3
fixtures/base-diff/supersession-bad/registry/pages.tsv	7adff757c3f8ce772ed1043b217461ea1e827e39
fixtures/base-diff/supersession-bad/registry/phase.tsv	9e02a852bd58a98884b8f803ec2ad3b3cb80de95
fixtures/base-diff/supersession-bad/registry/slices.tsv	f1999187d3be0cb36fc553d2441a7b4d4db032d5
fixtures/base-diff/supersession-good/references/tasaki-2020.tsv	04435e32bb03f99e7e74c95423de94158e964424
fixtures/base-diff/supersession-good/registry/axioms.tsv	d51f26fe4ce015b58a1d8a80537b6e9d3f0f9d97
fixtures/base-diff/supersession-good/registry/bindings.tsv	e129919a8c3a0b2de6b304b32767ca87b1d21b0e
fixtures/base-diff/supersession-good/registry/claim-axioms.tsv	ca648188bc37ea3dc183e709fbe650fc8e733f20
fixtures/base-diff/supersession-good/registry/claims.tsv	9fcfb10c1e5c029f22988d6dfea448c0727996ed
fixtures/base-diff/supersession-good/registry/dependencies.tsv	869e00d70ed21b0390654d9e3a09a896d8563ff3
fixtures/base-diff/supersession-good/registry/pages.tsv	7adff757c3f8ce772ed1043b217461ea1e827e39
fixtures/base-diff/supersession-good/registry/phase.tsv	9e02a852bd58a98884b8f803ec2ad3b3cb80de95
fixtures/base-diff/supersession-good/registry/slices.tsv	d20b7d75f553a002c1ed5b250cc9696fa8f2e645
fixtures/base-invalid/ref.txt	f7655d7efa9e9bc0c1de67fe1e256be72cafba20
fixtures/census-manifest.tsv	ba6515542206959b3bf3bf7d2ecf307c05aedb0a
fixtures/policy-comment-allowed/.github/pull_request_template.md	4dbb1bd002c20a617bd0fb41b14b2f52e8434cc9
fixtures/policy-comment-allowed/DESIGN.md	28313c2446b7d61d2d496065e83f140459bc490f
fixtures/policy-comment-allowed/LatticeSystem.lean	f94581f054ad1f1a0b343257b72d1e81c2d786c9
fixtures/policy-comment-allowed/README.md	28313c2446b7d61d2d496065e83f140459bc490f
fixtures/policy-comment-allowed/registry/phase.tsv	0b9ef39cf76ffc6d13045deae99646b7dfebf75c
fixtures/policy-forbidden/.github/pull_request_template.md	4dbb1bd002c20a617bd0fb41b14b2f52e8434cc9
fixtures/policy-forbidden/DESIGN.md	28313c2446b7d61d2d496065e83f140459bc490f
fixtures/policy-forbidden/LatticeSystem.lean	783833fbcc38e2d0a044be5d2782ebf63d6483ff
fixtures/policy-forbidden/README.md	28313c2446b7d61d2d496065e83f140459bc490f
fixtures/policy-forbidden/registry/phase.tsv	0b9ef39cf76ffc6d13045deae99646b7dfebf75c
fixtures/policy-future-phase/.github/pull_request_template.md	4dbb1bd002c20a617bd0fb41b14b2f52e8434cc9
fixtures/policy-future-phase/DESIGN.md	28313c2446b7d61d2d496065e83f140459bc490f
fixtures/policy-future-phase/LatticeSystem.lean	f94581f054ad1f1a0b343257b72d1e81c2d786c9
fixtures/policy-future-phase/README.md	28313c2446b7d61d2d496065e83f140459bc490f
fixtures/policy-future-phase/registry/phase.tsv	bfd86a14e428b7bee52f304239913c46f77df3ec
fixtures/policy-merge-checked/.github/pull_request_template.md	066ded40ca6bdb0ed4a6b5ebf6ac42bfcc026add
fixtures/policy-merge-checked/DESIGN.md	28313c2446b7d61d2d496065e83f140459bc490f
fixtures/policy-merge-checked/LatticeSystem.lean	f94581f054ad1f1a0b343257b72d1e81c2d786c9
fixtures/policy-merge-checked/README.md	28313c2446b7d61d2d496065e83f140459bc490f
fixtures/policy-merge-checked/registry/phase.tsv	0b9ef39cf76ffc6d13045deae99646b7dfebf75c
fixtures/policy-merge-missing/.github/pull_request_template.md	4dbb1bd002c20a617bd0fb41b14b2f52e8434cc9
fixtures/policy-merge-missing/DESIGN.md	51edc7a3ce33a62bb57e6fa0043d6d19a38ffee7
fixtures/policy-merge-missing/LatticeSystem.lean	f94581f054ad1f1a0b343257b72d1e81c2d786c9
fixtures/policy-merge-missing/README.md	28313c2446b7d61d2d496065e83f140459bc490f
fixtures/policy-merge-missing/registry/phase.tsv	0b9ef39cf76ffc6d13045deae99646b7dfebf75c
fixtures/policy-phase-advance/.github/pull_request_template.md	4dbb1bd002c20a617bd0fb41b14b2f52e8434cc9
fixtures/policy-phase-advance/DESIGN.md	28313c2446b7d61d2d496065e83f140459bc490f
fixtures/policy-phase-advance/LatticeSystem.lean	f94581f054ad1f1a0b343257b72d1e81c2d786c9
fixtures/policy-phase-advance/README.md	28313c2446b7d61d2d496065e83f140459bc490f
fixtures/policy-phase-advance/registry/phase.tsv	a7fb460de0ef8ebf5a7f73ee2c08f7217014757b
fixtures/policy-root-check/.github/pull_request_template.md	4dbb1bd002c20a617bd0fb41b14b2f52e8434cc9
fixtures/policy-root-check/DESIGN.md	28313c2446b7d61d2d496065e83f140459bc490f
fixtures/policy-root-check/LatticeSystem.lean	75e97a7e3719234e87569500727e87b5bab919e8
fixtures/policy-root-check/README.md	28313c2446b7d61d2d496065e83f140459bc490f
fixtures/policy-root-check/registry/phase.tsv	0b9ef39cf76ffc6d13045deae99646b7dfebf75c
fixtures/registry-axiom-bad-category/references/tasaki-2020.tsv	5744b3fd30cbfa7ee3999332bdee323d87bcc810
fixtures/registry-axiom-bad-category/registry/axioms.tsv	f2925e2f69584a6b6a13896f38276c48f5969f25
fixtures/registry-axiom-bad-category/registry/bindings.tsv	00bc8b3fe61626affe4cb9ff6128fa908542a219
fixtures/registry-axiom-bad-category/registry/claim-axioms.tsv	ca648188bc37ea3dc183e709fbe650fc8e733f20
fixtures/registry-axiom-bad-category/registry/claims.tsv	2d51066944e1e497b443339c26145314f9f5188d
fixtures/registry-axiom-bad-category/registry/dependencies.tsv	869e00d70ed21b0390654d9e3a09a896d8563ff3
fixtures/registry-axiom-bad-category/registry/pages.tsv	2a5d0207ff1643580be4862231b2c3c842e0601d
fixtures/registry-axiom-bad-category/registry/phase.tsv	a7fb460de0ef8ebf5a7f73ee2c08f7217014757b
fixtures/registry-axiom-bad-category/registry/slices.tsv	f1999187d3be0cb36fc553d2441a7b4d4db032d5
fixtures/registry-axiom-bad-path/references/tasaki-2020.tsv	5744b3fd30cbfa7ee3999332bdee323d87bcc810
fixtures/registry-axiom-bad-path/registry/axioms.tsv	c0e39432f1f926789b18289fd5c846b68ed47e76
fixtures/registry-axiom-bad-path/registry/bindings.tsv	00bc8b3fe61626affe4cb9ff6128fa908542a219
fixtures/registry-axiom-bad-path/registry/claim-axioms.tsv	ca648188bc37ea3dc183e709fbe650fc8e733f20
fixtures/registry-axiom-bad-path/registry/claims.tsv	2d51066944e1e497b443339c26145314f9f5188d
fixtures/registry-axiom-bad-path/registry/dependencies.tsv	869e00d70ed21b0390654d9e3a09a896d8563ff3
fixtures/registry-axiom-bad-path/registry/pages.tsv	2a5d0207ff1643580be4862231b2c3c842e0601d
fixtures/registry-axiom-bad-path/registry/phase.tsv	a7fb460de0ef8ebf5a7f73ee2c08f7217014757b
fixtures/registry-axiom-bad-path/registry/slices.tsv	f1999187d3be0cb36fc553d2441a7b4d4db032d5
fixtures/registry-axiom-categories-good/references/tasaki-2020.tsv	143e164485cef5015a4a6bb2dcd2e588be7fb85c
fixtures/registry-axiom-categories-good/registry/axioms.tsv	78559d9afe9934c628e31221432555b5733b26e2
fixtures/registry-axiom-categories-good/registry/bindings.tsv	872a31b37f75bb20dd71024258542c505b422a88
fixtures/registry-axiom-categories-good/registry/claim-axioms.tsv	d6a6f0206eb81908b68c57b788835a76a8b16156
fixtures/registry-axiom-categories-good/registry/claims.tsv	941d9b6daa3e3868d3557aac1d317e6aad452e7d
fixtures/registry-axiom-categories-good/registry/dependencies.tsv	869e00d70ed21b0390654d9e3a09a896d8563ff3
fixtures/registry-axiom-categories-good/registry/pages.tsv	b34c79ec5387ccd3448b9db9ca440b5782867ede
fixtures/registry-axiom-categories-good/registry/phase.tsv	a7fb460de0ef8ebf5a7f73ee2c08f7217014757b
fixtures/registry-axiom-categories-good/registry/slices.tsv	f1999187d3be0cb36fc553d2441a7b4d4db032d5
fixtures/registry-bad-column/references/tasaki-2020.tsv	5744b3fd30cbfa7ee3999332bdee323d87bcc810
fixtures/registry-bad-column/registry/axioms.tsv	d51f26fe4ce015b58a1d8a80537b6e9d3f0f9d97
fixtures/registry-bad-column/registry/bindings.tsv	1bd66c4ab085396af781c4e7768c257e5793dc7c
fixtures/registry-bad-column/registry/claim-axioms.tsv	d6a6f0206eb81908b68c57b788835a76a8b16156
fixtures/registry-bad-column/registry/claims.tsv	d8881156619f11e93af3b02d2f52f2b6544ed13f
fixtures/registry-bad-column/registry/dependencies.tsv	869e00d70ed21b0390654d9e3a09a896d8563ff3
fixtures/registry-bad-column/registry/pages.tsv	6d8ed73b728160a4ee0e592b1af2c62394b8ddde
fixtures/registry-bad-column/registry/phase.tsv	a7fb460de0ef8ebf5a7f73ee2c08f7217014757b
fixtures/registry-bad-column/registry/slices.tsv	4612f8ff3d7deef8ac818577791b174a2b210858
fixtures/registry-bad-enum/references/tasaki-2020.tsv	143e164485cef5015a4a6bb2dcd2e588be7fb85c
fixtures/registry-bad-enum/registry/axioms.tsv	d51f26fe4ce015b58a1d8a80537b6e9d3f0f9d97
fixtures/registry-bad-enum/registry/bindings.tsv	872a31b37f75bb20dd71024258542c505b422a88
fixtures/registry-bad-enum/registry/claim-axioms.tsv	d6a6f0206eb81908b68c57b788835a76a8b16156
fixtures/registry-bad-enum/registry/claims.tsv	941d9b6daa3e3868d3557aac1d317e6aad452e7d
fixtures/registry-bad-enum/registry/dependencies.tsv	869e00d70ed21b0390654d9e3a09a896d8563ff3
fixtures/registry-bad-enum/registry/pages.tsv	1290832946d67ce8fe443921b113463021776d56
fixtures/registry-bad-enum/registry/phase.tsv	a7fb460de0ef8ebf5a7f73ee2c08f7217014757b
fixtures/registry-bad-enum/registry/slices.tsv	f1999187d3be0cb36fc553d2441a7b4d4db032d5
fixtures/registry-bad-fk/references/tasaki-2020.tsv	143e164485cef5015a4a6bb2dcd2e588be7fb85c
fixtures/registry-bad-fk/registry/axioms.tsv	d51f26fe4ce015b58a1d8a80537b6e9d3f0f9d97
fixtures/registry-bad-fk/registry/bindings.tsv	872a31b37f75bb20dd71024258542c505b422a88
fixtures/registry-bad-fk/registry/claim-axioms.tsv	d6a6f0206eb81908b68c57b788835a76a8b16156
fixtures/registry-bad-fk/registry/claims.tsv	3d78525e4bf5902ccc0cc0c8219001a985679672
fixtures/registry-bad-fk/registry/dependencies.tsv	869e00d70ed21b0390654d9e3a09a896d8563ff3
fixtures/registry-bad-fk/registry/pages.tsv	1428d41867f0fbf12162088c3b67846caf93b7b8
fixtures/registry-bad-fk/registry/phase.tsv	a7fb460de0ef8ebf5a7f73ee2c08f7217014757b
fixtures/registry-bad-fk/registry/slices.tsv	f1999187d3be0cb36fc553d2441a7b4d4db032d5
fixtures/registry-bad-header/references/tasaki-2020.tsv	5744b3fd30cbfa7ee3999332bdee323d87bcc810
fixtures/registry-bad-header/registry/axioms.tsv	d51f26fe4ce015b58a1d8a80537b6e9d3f0f9d97
fixtures/registry-bad-header/registry/bindings.tsv	1bd66c4ab085396af781c4e7768c257e5793dc7c
fixtures/registry-bad-header/registry/claim-axioms.tsv	d6a6f0206eb81908b68c57b788835a76a8b16156
fixtures/registry-bad-header/registry/claims.tsv	d8881156619f11e93af3b02d2f52f2b6544ed13f
fixtures/registry-bad-header/registry/dependencies.tsv	869e00d70ed21b0390654d9e3a09a896d8563ff3
fixtures/registry-bad-header/registry/pages.tsv	5bede3df6e8633e59fde78f701d8eaee593bc3aa
fixtures/registry-bad-header/registry/phase.tsv	a7fb460de0ef8ebf5a7f73ee2c08f7217014757b
fixtures/registry-bad-header/registry/slices.tsv	4612f8ff3d7deef8ac818577791b174a2b210858
fixtures/registry-bad-id/references/tasaki-2020.tsv	5744b3fd30cbfa7ee3999332bdee323d87bcc810
fixtures/registry-bad-id/registry/axioms.tsv	d51f26fe4ce015b58a1d8a80537b6e9d3f0f9d97
fixtures/registry-bad-id/registry/bindings.tsv	1bd66c4ab085396af781c4e7768c257e5793dc7c
fixtures/registry-bad-id/registry/claim-axioms.tsv	d6a6f0206eb81908b68c57b788835a76a8b16156
fixtures/registry-bad-id/registry/claims.tsv	c5e07a002a060f5dce44bac3a7a0e84c11af13bc
fixtures/registry-bad-id/registry/dependencies.tsv	869e00d70ed21b0390654d9e3a09a896d8563ff3
fixtures/registry-bad-id/registry/pages.tsv	0e7e812836d2675f20b102ec975fd9c2d27e9c17
fixtures/registry-bad-id/registry/phase.tsv	a7fb460de0ef8ebf5a7f73ee2c08f7217014757b
fixtures/registry-bad-id/registry/slices.tsv	4612f8ff3d7deef8ac818577791b174a2b210858
fixtures/registry-bad-order/references/tasaki-2020.tsv	143e164485cef5015a4a6bb2dcd2e588be7fb85c
fixtures/registry-bad-order/registry/axioms.tsv	d51f26fe4ce015b58a1d8a80537b6e9d3f0f9d97
fixtures/registry-bad-order/registry/bindings.tsv	872a31b37f75bb20dd71024258542c505b422a88
fixtures/registry-bad-order/registry/claim-axioms.tsv	d6a6f0206eb81908b68c57b788835a76a8b16156
fixtures/registry-bad-order/registry/claims.tsv	319ba3590f724c23991e40d4b7af6f35c4239421
fixtures/registry-bad-order/registry/dependencies.tsv	869e00d70ed21b0390654d9e3a09a896d8563ff3
fixtures/registry-bad-order/registry/pages.tsv	03e65a5f224ca65283dcf357b570fb9422a63259
fixtures/registry-bad-order/registry/phase.tsv	a7fb460de0ef8ebf5a7f73ee2c08f7217014757b
fixtures/registry-bad-order/registry/slices.tsv	f1999187d3be0cb36fc553d2441a7b4d4db032d5
fixtures/registry-bad-subkind/references/tasaki-2020.tsv	5744b3fd30cbfa7ee3999332bdee323d87bcc810
fixtures/registry-bad-subkind/registry/axioms.tsv	d51f26fe4ce015b58a1d8a80537b6e9d3f0f9d97
fixtures/registry-bad-subkind/registry/bindings.tsv	00bc8b3fe61626affe4cb9ff6128fa908542a219
fixtures/registry-bad-subkind/registry/claim-axioms.tsv	ca648188bc37ea3dc183e709fbe650fc8e733f20
fixtures/registry-bad-subkind/registry/claims.tsv	5dc5ab1357c0dd8f978ee8c571b5c2928b9fb7f2
fixtures/registry-bad-subkind/registry/dependencies.tsv	869e00d70ed21b0390654d9e3a09a896d8563ff3
fixtures/registry-bad-subkind/registry/pages.tsv	2a5d0207ff1643580be4862231b2c3c842e0601d
fixtures/registry-bad-subkind/registry/phase.tsv	a7fb460de0ef8ebf5a7f73ee2c08f7217014757b
fixtures/registry-bad-subkind/registry/slices.tsv	f1999187d3be0cb36fc553d2441a7b4d4db032d5
fixtures/registry-bootstrap-edition-pending/references/tasaki-2020.tsv	5cc38fb4a7a347f639363af71eee5e0a42c9e41f
fixtures/registry-bootstrap-edition-pending/registry/axioms.tsv	c49b243296ecc684d88bd577ce05f98c4a737167
fixtures/registry-bootstrap-edition-pending/registry/bindings.tsv	31ed41e5cee5de5453572e2bc3f0dc8d19f1a16a
fixtures/registry-bootstrap-edition-pending/registry/claim-axioms.tsv	ca648188bc37ea3dc183e709fbe650fc8e733f20
fixtures/registry-bootstrap-edition-pending/registry/claims.tsv	b4c912355b44fc1ae28db7f20d6766f889afcd38
fixtures/registry-bootstrap-edition-pending/registry/dependencies.tsv	869e00d70ed21b0390654d9e3a09a896d8563ff3
fixtures/registry-bootstrap-edition-pending/registry/pages.tsv	b6a68f5985475b0ddaa9e2a2d7b82775cf6d1a28
fixtures/registry-bootstrap-edition-pending/registry/phase.tsv	0b9ef39cf76ffc6d13045deae99646b7dfebf75c
fixtures/registry-bootstrap-edition-pending/registry/slices.tsv	7396548bca95bd383dce73e47c13dff5a778aa01
fixtures/registry-bootstrap-source-frozen/references/tasaki-2020.tsv	6017ee05b8209003746cc05fee36995de268f142
fixtures/registry-bootstrap-source-frozen/registry/axioms.tsv	c49b243296ecc684d88bd577ce05f98c4a737167
fixtures/registry-bootstrap-source-frozen/registry/bindings.tsv	31ed41e5cee5de5453572e2bc3f0dc8d19f1a16a
fixtures/registry-bootstrap-source-frozen/registry/claim-axioms.tsv	ca648188bc37ea3dc183e709fbe650fc8e733f20
fixtures/registry-bootstrap-source-frozen/registry/claims.tsv	b4c912355b44fc1ae28db7f20d6766f889afcd38
fixtures/registry-bootstrap-source-frozen/registry/dependencies.tsv	869e00d70ed21b0390654d9e3a09a896d8563ff3
fixtures/registry-bootstrap-source-frozen/registry/pages.tsv	b6a68f5985475b0ddaa9e2a2d7b82775cf6d1a28
fixtures/registry-bootstrap-source-frozen/registry/phase.tsv	0b9ef39cf76ffc6d13045deae99646b7dfebf75c
fixtures/registry-bootstrap-source-frozen/registry/slices.tsv	7396548bca95bd383dce73e47c13dff5a778aa01
fixtures/registry-control-char/references/tasaki-2020.tsv	198f46ffa85b0bf82d4e8f9e50292dc49a24f3a3
fixtures/registry-control-char/registry/axioms.tsv	d51f26fe4ce015b58a1d8a80537b6e9d3f0f9d97
fixtures/registry-control-char/registry/bindings.tsv	1bd66c4ab085396af781c4e7768c257e5793dc7c
fixtures/registry-control-char/registry/claim-axioms.tsv	d6a6f0206eb81908b68c57b788835a76a8b16156
fixtures/registry-control-char/registry/claims.tsv	d8881156619f11e93af3b02d2f52f2b6544ed13f
fixtures/registry-control-char/registry/dependencies.tsv	869e00d70ed21b0390654d9e3a09a896d8563ff3
fixtures/registry-control-char/registry/pages.tsv	2a5d0207ff1643580be4862231b2c3c842e0601d
fixtures/registry-control-char/registry/phase.tsv	a7fb460de0ef8ebf5a7f73ee2c08f7217014757b
fixtures/registry-control-char/registry/slices.tsv	4612f8ff3d7deef8ac818577791b174a2b210858
fixtures/registry-dep-bad-role/references/tasaki-2020.tsv	5744b3fd30cbfa7ee3999332bdee323d87bcc810
fixtures/registry-dep-bad-role/registry/axioms.tsv	d51f26fe4ce015b58a1d8a80537b6e9d3f0f9d97
fixtures/registry-dep-bad-role/registry/bindings.tsv	1bd66c4ab085396af781c4e7768c257e5793dc7c
fixtures/registry-dep-bad-role/registry/claim-axioms.tsv	d6a6f0206eb81908b68c57b788835a76a8b16156
fixtures/registry-dep-bad-role/registry/claims.tsv	d8881156619f11e93af3b02d2f52f2b6544ed13f
fixtures/registry-dep-bad-role/registry/dependencies.tsv	adfc768e0f5a711212dd5e6f90fdfcc345236b14
fixtures/registry-dep-bad-role/registry/pages.tsv	2a5d0207ff1643580be4862231b2c3c842e0601d
fixtures/registry-dep-bad-role/registry/phase.tsv	a7fb460de0ef8ebf5a7f73ee2c08f7217014757b
fixtures/registry-dep-bad-role/registry/slices.tsv	4612f8ff3d7deef8ac818577791b174a2b210858
fixtures/registry-dep-cycle/references/tasaki-2020.tsv	5744b3fd30cbfa7ee3999332bdee323d87bcc810
fixtures/registry-dep-cycle/registry/axioms.tsv	d51f26fe4ce015b58a1d8a80537b6e9d3f0f9d97
fixtures/registry-dep-cycle/registry/bindings.tsv	1bd66c4ab085396af781c4e7768c257e5793dc7c
fixtures/registry-dep-cycle/registry/claim-axioms.tsv	d6a6f0206eb81908b68c57b788835a76a8b16156
fixtures/registry-dep-cycle/registry/claims.tsv	d8881156619f11e93af3b02d2f52f2b6544ed13f
fixtures/registry-dep-cycle/registry/dependencies.tsv	19455fdc2b8d42fac79f055b456829ce68480ddf
fixtures/registry-dep-cycle/registry/pages.tsv	2a5d0207ff1643580be4862231b2c3c842e0601d
fixtures/registry-dep-cycle/registry/phase.tsv	a7fb460de0ef8ebf5a7f73ee2c08f7217014757b
fixtures/registry-dep-cycle/registry/slices.tsv	4612f8ff3d7deef8ac818577791b174a2b210858
fixtures/registry-dep-duplicate/references/tasaki-2020.tsv	5744b3fd30cbfa7ee3999332bdee323d87bcc810
fixtures/registry-dep-duplicate/registry/axioms.tsv	d51f26fe4ce015b58a1d8a80537b6e9d3f0f9d97
fixtures/registry-dep-duplicate/registry/bindings.tsv	1bd66c4ab085396af781c4e7768c257e5793dc7c
fixtures/registry-dep-duplicate/registry/claim-axioms.tsv	d6a6f0206eb81908b68c57b788835a76a8b16156
fixtures/registry-dep-duplicate/registry/claims.tsv	d8881156619f11e93af3b02d2f52f2b6544ed13f
fixtures/registry-dep-duplicate/registry/dependencies.tsv	797b38ab99dd773b1def8afd70684eddc27bd225
fixtures/registry-dep-duplicate/registry/pages.tsv	2a5d0207ff1643580be4862231b2c3c842e0601d
fixtures/registry-dep-duplicate/registry/phase.tsv	a7fb460de0ef8ebf5a7f73ee2c08f7217014757b
fixtures/registry-dep-duplicate/registry/slices.tsv	4612f8ff3d7deef8ac818577791b174a2b210858
fixtures/registry-dep-order/references/tasaki-2020.tsv	5744b3fd30cbfa7ee3999332bdee323d87bcc810
fixtures/registry-dep-order/registry/axioms.tsv	d51f26fe4ce015b58a1d8a80537b6e9d3f0f9d97
fixtures/registry-dep-order/registry/bindings.tsv	1bd66c4ab085396af781c4e7768c257e5793dc7c
fixtures/registry-dep-order/registry/claim-axioms.tsv	d6a6f0206eb81908b68c57b788835a76a8b16156
fixtures/registry-dep-order/registry/claims.tsv	d8881156619f11e93af3b02d2f52f2b6544ed13f
fixtures/registry-dep-order/registry/dependencies.tsv	f8388d7d69ca7b66c60022b675a28b1ddd3b6d5d
fixtures/registry-dep-order/registry/pages.tsv	2a5d0207ff1643580be4862231b2c3c842e0601d
fixtures/registry-dep-order/registry/phase.tsv	a7fb460de0ef8ebf5a7f73ee2c08f7217014757b
fixtures/registry-dep-order/registry/slices.tsv	4612f8ff3d7deef8ac818577791b174a2b210858
fixtures/registry-dep-rationale/references/tasaki-2020.tsv	5744b3fd30cbfa7ee3999332bdee323d87bcc810
fixtures/registry-dep-rationale/registry/axioms.tsv	d51f26fe4ce015b58a1d8a80537b6e9d3f0f9d97
fixtures/registry-dep-rationale/registry/bindings.tsv	1bd66c4ab085396af781c4e7768c257e5793dc7c
fixtures/registry-dep-rationale/registry/claim-axioms.tsv	d6a6f0206eb81908b68c57b788835a76a8b16156
fixtures/registry-dep-rationale/registry/claims.tsv	d8881156619f11e93af3b02d2f52f2b6544ed13f
fixtures/registry-dep-rationale/registry/dependencies.tsv	13494a8ec76f97432f29ed98f0324a9700759b4f
fixtures/registry-dep-rationale/registry/pages.tsv	2a5d0207ff1643580be4862231b2c3c842e0601d
fixtures/registry-dep-rationale/registry/phase.tsv	a7fb460de0ef8ebf5a7f73ee2c08f7217014757b
fixtures/registry-dep-rationale/registry/slices.tsv	4612f8ff3d7deef8ac818577791b174a2b210858
fixtures/registry-dep-self/references/tasaki-2020.tsv	5744b3fd30cbfa7ee3999332bdee323d87bcc810
fixtures/registry-dep-self/registry/axioms.tsv	d51f26fe4ce015b58a1d8a80537b6e9d3f0f9d97
fixtures/registry-dep-self/registry/bindings.tsv	1bd66c4ab085396af781c4e7768c257e5793dc7c
fixtures/registry-dep-self/registry/claim-axioms.tsv	d6a6f0206eb81908b68c57b788835a76a8b16156
fixtures/registry-dep-self/registry/claims.tsv	d8881156619f11e93af3b02d2f52f2b6544ed13f
fixtures/registry-dep-self/registry/dependencies.tsv	e256d8988c1cb3d3616fc8ebdf246431d4af464b
fixtures/registry-dep-self/registry/pages.tsv	2a5d0207ff1643580be4862231b2c3c842e0601d
fixtures/registry-dep-self/registry/phase.tsv	a7fb460de0ef8ebf5a7f73ee2c08f7217014757b
fixtures/registry-dep-self/registry/slices.tsv	4612f8ff3d7deef8ac818577791b174a2b210858
fixtures/registry-dep-whitespace-em/references/tasaki-2020.tsv	5744b3fd30cbfa7ee3999332bdee323d87bcc810
fixtures/registry-dep-whitespace-em/registry/axioms.tsv	d51f26fe4ce015b58a1d8a80537b6e9d3f0f9d97
fixtures/registry-dep-whitespace-em/registry/bindings.tsv	9fbccec7a2ed2be8a83fbb0b7de0306865f27f32
fixtures/registry-dep-whitespace-em/registry/claim-axioms.tsv	ca648188bc37ea3dc183e709fbe650fc8e733f20
fixtures/registry-dep-whitespace-em/registry/claims.tsv	fe582971f4ba9874f63a83e62ee63f1d72dd4730
fixtures/registry-dep-whitespace-em/registry/dependencies.tsv	766de7e07133f51d56212a9ce9d7a3a1e7b1272b
fixtures/registry-dep-whitespace-em/registry/pages.tsv	2a5d0207ff1643580be4862231b2c3c842e0601d
fixtures/registry-dep-whitespace-em/registry/phase.tsv	a7fb460de0ef8ebf5a7f73ee2c08f7217014757b
fixtures/registry-dep-whitespace-em/registry/slices.tsv	d20b7d75f553a002c1ed5b250cc9696fa8f2e645
fixtures/registry-dep-whitespace/references/tasaki-2020.tsv	5744b3fd30cbfa7ee3999332bdee323d87bcc810
fixtures/registry-dep-whitespace/registry/axioms.tsv	d51f26fe4ce015b58a1d8a80537b6e9d3f0f9d97
fixtures/registry-dep-whitespace/registry/bindings.tsv	9fbccec7a2ed2be8a83fbb0b7de0306865f27f32
fixtures/registry-dep-whitespace/registry/claim-axioms.tsv	ca648188bc37ea3dc183e709fbe650fc8e733f20
fixtures/registry-dep-whitespace/registry/claims.tsv	fe582971f4ba9874f63a83e62ee63f1d72dd4730
fixtures/registry-dep-whitespace/registry/dependencies.tsv	72840974d3d3079b22fe702d895d996801c18aa4
fixtures/registry-dep-whitespace/registry/pages.tsv	2a5d0207ff1643580be4862231b2c3c842e0601d
fixtures/registry-dep-whitespace/registry/phase.tsv	a7fb460de0ef8ebf5a7f73ee2c08f7217014757b
fixtures/registry-dep-whitespace/registry/slices.tsv	d20b7d75f553a002c1ed5b250cc9696fa8f2e645
fixtures/registry-duplicate-id/references/tasaki-2020.tsv	143e164485cef5015a4a6bb2dcd2e588be7fb85c
fixtures/registry-duplicate-id/registry/axioms.tsv	d51f26fe4ce015b58a1d8a80537b6e9d3f0f9d97
fixtures/registry-duplicate-id/registry/bindings.tsv	872a31b37f75bb20dd71024258542c505b422a88
fixtures/registry-duplicate-id/registry/claim-axioms.tsv	d6a6f0206eb81908b68c57b788835a76a8b16156
fixtures/registry-duplicate-id/registry/claims.tsv	941d9b6daa3e3868d3557aac1d317e6aad452e7d
fixtures/registry-duplicate-id/registry/dependencies.tsv	869e00d70ed21b0390654d9e3a09a896d8563ff3
fixtures/registry-duplicate-id/registry/pages.tsv	ef3f5721b0b2dcacfdfff24c6a5f3ceffa87aa08
fixtures/registry-duplicate-id/registry/phase.tsv	a7fb460de0ef8ebf5a7f73ee2c08f7217014757b
fixtures/registry-duplicate-id/registry/slices.tsv	f1999187d3be0cb36fc553d2441a7b4d4db032d5
fixtures/registry-exclusion-good/references/tasaki-2020.tsv	5744b3fd30cbfa7ee3999332bdee323d87bcc810
fixtures/registry-exclusion-good/registry/axioms.tsv	d51f26fe4ce015b58a1d8a80537b6e9d3f0f9d97
fixtures/registry-exclusion-good/registry/bindings.tsv	00bc8b3fe61626affe4cb9ff6128fa908542a219
fixtures/registry-exclusion-good/registry/claim-axioms.tsv	ca648188bc37ea3dc183e709fbe650fc8e733f20
fixtures/registry-exclusion-good/registry/claims.tsv	0f940fbf6fd56de61b21c0da026196e837ac7214
fixtures/registry-exclusion-good/registry/dependencies.tsv	869e00d70ed21b0390654d9e3a09a896d8563ff3
fixtures/registry-exclusion-good/registry/pages.tsv	2a5d0207ff1643580be4862231b2c3c842e0601d
fixtures/registry-exclusion-good/registry/phase.tsv	a7fb460de0ef8ebf5a7f73ee2c08f7217014757b
fixtures/registry-exclusion-good/registry/slices.tsv	7396548bca95bd383dce73e47c13dff5a778aa01
fixtures/registry-exclusion-incoherent/references/tasaki-2020.tsv	5744b3fd30cbfa7ee3999332bdee323d87bcc810
fixtures/registry-exclusion-incoherent/registry/axioms.tsv	d51f26fe4ce015b58a1d8a80537b6e9d3f0f9d97
fixtures/registry-exclusion-incoherent/registry/bindings.tsv	00bc8b3fe61626affe4cb9ff6128fa908542a219
fixtures/registry-exclusion-incoherent/registry/claim-axioms.tsv	ca648188bc37ea3dc183e709fbe650fc8e733f20
fixtures/registry-exclusion-incoherent/registry/claims.tsv	574d908eb780c47c9e77ac128932aa717acf7cc8
fixtures/registry-exclusion-incoherent/registry/dependencies.tsv	869e00d70ed21b0390654d9e3a09a896d8563ff3
fixtures/registry-exclusion-incoherent/registry/pages.tsv	2a5d0207ff1643580be4862231b2c3c842e0601d
fixtures/registry-exclusion-incoherent/registry/phase.tsv	a7fb460de0ef8ebf5a7f73ee2c08f7217014757b
fixtures/registry-exclusion-incoherent/registry/slices.tsv	f1999187d3be0cb36fc553d2441a7b4d4db032d5
fixtures/registry-exclusion-missing-rationale/references/tasaki-2020.tsv	5744b3fd30cbfa7ee3999332bdee323d87bcc810
fixtures/registry-exclusion-missing-rationale/registry/axioms.tsv	d51f26fe4ce015b58a1d8a80537b6e9d3f0f9d97
fixtures/registry-exclusion-missing-rationale/registry/bindings.tsv	00bc8b3fe61626affe4cb9ff6128fa908542a219
fixtures/registry-exclusion-missing-rationale/registry/claim-axioms.tsv	ca648188bc37ea3dc183e709fbe650fc8e733f20
fixtures/registry-exclusion-missing-rationale/registry/claims.tsv	cc8ee8e9582e6e623306a98b621823616baed3e6
fixtures/registry-exclusion-missing-rationale/registry/dependencies.tsv	869e00d70ed21b0390654d9e3a09a896d8563ff3
fixtures/registry-exclusion-missing-rationale/registry/pages.tsv	2a5d0207ff1643580be4862231b2c3c842e0601d
fixtures/registry-exclusion-missing-rationale/registry/phase.tsv	a7fb460de0ef8ebf5a7f73ee2c08f7217014757b
fixtures/registry-exclusion-missing-rationale/registry/slices.tsv	7396548bca95bd383dce73e47c13dff5a778aa01
fixtures/registry-exclusion-missing-review/references/tasaki-2020.tsv	5744b3fd30cbfa7ee3999332bdee323d87bcc810
fixtures/registry-exclusion-missing-review/registry/axioms.tsv	d51f26fe4ce015b58a1d8a80537b6e9d3f0f9d97
fixtures/registry-exclusion-missing-review/registry/bindings.tsv	00bc8b3fe61626affe4cb9ff6128fa908542a219
fixtures/registry-exclusion-missing-review/registry/claim-axioms.tsv	ca648188bc37ea3dc183e709fbe650fc8e733f20
fixtures/registry-exclusion-missing-review/registry/claims.tsv	71b3c9bed8a32856a50afd03176ad2f0e98b76c0
fixtures/registry-exclusion-missing-review/registry/dependencies.tsv	869e00d70ed21b0390654d9e3a09a896d8563ff3
fixtures/registry-exclusion-missing-review/registry/pages.tsv	2a5d0207ff1643580be4862231b2c3c842e0601d
fixtures/registry-exclusion-missing-review/registry/phase.tsv	a7fb460de0ef8ebf5a7f73ee2c08f7217014757b
fixtures/registry-exclusion-missing-review/registry/slices.tsv	7396548bca95bd383dce73e47c13dff5a778aa01
fixtures/registry-fk-binding/references/tasaki-2020.tsv	5744b3fd30cbfa7ee3999332bdee323d87bcc810
fixtures/registry-fk-binding/registry/axioms.tsv	d51f26fe4ce015b58a1d8a80537b6e9d3f0f9d97
fixtures/registry-fk-binding/registry/bindings.tsv	6a0ebdcff779704e5e5cb28e838fd1a9d2f05947
fixtures/registry-fk-binding/registry/claim-axioms.tsv	d6a6f0206eb81908b68c57b788835a76a8b16156
fixtures/registry-fk-binding/registry/claims.tsv	d8881156619f11e93af3b02d2f52f2b6544ed13f
fixtures/registry-fk-binding/registry/dependencies.tsv	869e00d70ed21b0390654d9e3a09a896d8563ff3
fixtures/registry-fk-binding/registry/pages.tsv	2a5d0207ff1643580be4862231b2c3c842e0601d
fixtures/registry-fk-binding/registry/phase.tsv	a7fb460de0ef8ebf5a7f73ee2c08f7217014757b
fixtures/registry-fk-binding/registry/slices.tsv	4612f8ff3d7deef8ac818577791b174a2b210858
fixtures/registry-fk-claim-axiom-axiom/references/tasaki-2020.tsv	5744b3fd30cbfa7ee3999332bdee323d87bcc810
fixtures/registry-fk-claim-axiom-axiom/registry/axioms.tsv	d51f26fe4ce015b58a1d8a80537b6e9d3f0f9d97
fixtures/registry-fk-claim-axiom-axiom/registry/bindings.tsv	1bd66c4ab085396af781c4e7768c257e5793dc7c
fixtures/registry-fk-claim-axiom-axiom/registry/claim-axioms.tsv	7f918454e9a503689275a0f73a9b75c0484cf374
fixtures/registry-fk-claim-axiom-axiom/registry/claims.tsv	d8881156619f11e93af3b02d2f52f2b6544ed13f
fixtures/registry-fk-claim-axiom-axiom/registry/dependencies.tsv	869e00d70ed21b0390654d9e3a09a896d8563ff3
fixtures/registry-fk-claim-axiom-axiom/registry/pages.tsv	2a5d0207ff1643580be4862231b2c3c842e0601d
fixtures/registry-fk-claim-axiom-axiom/registry/phase.tsv	a7fb460de0ef8ebf5a7f73ee2c08f7217014757b
fixtures/registry-fk-claim-axiom-axiom/registry/slices.tsv	4612f8ff3d7deef8ac818577791b174a2b210858
fixtures/registry-fk-claim-axiom-claim/references/tasaki-2020.tsv	5744b3fd30cbfa7ee3999332bdee323d87bcc810
fixtures/registry-fk-claim-axiom-claim/registry/axioms.tsv	d51f26fe4ce015b58a1d8a80537b6e9d3f0f9d97
fixtures/registry-fk-claim-axiom-claim/registry/bindings.tsv	1bd66c4ab085396af781c4e7768c257e5793dc7c
fixtures/registry-fk-claim-axiom-claim/registry/claim-axioms.tsv	a1529a841c5c818b7a2eb8d0acd58addf0966a1f
fixtures/registry-fk-claim-axiom-claim/registry/claims.tsv	d8881156619f11e93af3b02d2f52f2b6544ed13f
fixtures/registry-fk-claim-axiom-claim/registry/dependencies.tsv	869e00d70ed21b0390654d9e3a09a896d8563ff3
fixtures/registry-fk-claim-axiom-claim/registry/pages.tsv	2a5d0207ff1643580be4862231b2c3c842e0601d
fixtures/registry-fk-claim-axiom-claim/registry/phase.tsv	a7fb460de0ef8ebf5a7f73ee2c08f7217014757b
fixtures/registry-fk-claim-axiom-claim/registry/slices.tsv	4612f8ff3d7deef8ac818577791b174a2b210858
fixtures/registry-fk-dependency/references/tasaki-2020.tsv	5744b3fd30cbfa7ee3999332bdee323d87bcc810
fixtures/registry-fk-dependency/registry/axioms.tsv	d51f26fe4ce015b58a1d8a80537b6e9d3f0f9d97
fixtures/registry-fk-dependency/registry/bindings.tsv	1bd66c4ab085396af781c4e7768c257e5793dc7c
fixtures/registry-fk-dependency/registry/claim-axioms.tsv	d6a6f0206eb81908b68c57b788835a76a8b16156
fixtures/registry-fk-dependency/registry/claims.tsv	d8881156619f11e93af3b02d2f52f2b6544ed13f
fixtures/registry-fk-dependency/registry/dependencies.tsv	ff7231d8a7a68b3e980eaf93fc649ac4d13de2a7
fixtures/registry-fk-dependency/registry/pages.tsv	2a5d0207ff1643580be4862231b2c3c842e0601d
fixtures/registry-fk-dependency/registry/phase.tsv	a7fb460de0ef8ebf5a7f73ee2c08f7217014757b
fixtures/registry-fk-dependency/registry/slices.tsv	4612f8ff3d7deef8ac818577791b174a2b210858
fixtures/registry-fk-slice/references/tasaki-2020.tsv	5744b3fd30cbfa7ee3999332bdee323d87bcc810
fixtures/registry-fk-slice/registry/axioms.tsv	d51f26fe4ce015b58a1d8a80537b6e9d3f0f9d97
fixtures/registry-fk-slice/registry/bindings.tsv	1bd66c4ab085396af781c4e7768c257e5793dc7c
fixtures/registry-fk-slice/registry/claim-axioms.tsv	d6a6f0206eb81908b68c57b788835a76a8b16156
fixtures/registry-fk-slice/registry/claims.tsv	d8881156619f11e93af3b02d2f52f2b6544ed13f
fixtures/registry-fk-slice/registry/dependencies.tsv	869e00d70ed21b0390654d9e3a09a896d8563ff3
fixtures/registry-fk-slice/registry/pages.tsv	2a5d0207ff1643580be4862231b2c3c842e0601d
fixtures/registry-fk-slice/registry/phase.tsv	a7fb460de0ef8ebf5a7f73ee2c08f7217014757b
fixtures/registry-fk-slice/registry/slices.tsv	c63adb733a7e291e68b6a7a77cc77f618d11ce86
fixtures/registry-good/references/tasaki-2020.tsv	143e164485cef5015a4a6bb2dcd2e588be7fb85c
fixtures/registry-good/registry/axioms.tsv	d51f26fe4ce015b58a1d8a80537b6e9d3f0f9d97
fixtures/registry-good/registry/bindings.tsv	872a31b37f75bb20dd71024258542c505b422a88
fixtures/registry-good/registry/claim-axioms.tsv	d6a6f0206eb81908b68c57b788835a76a8b16156
fixtures/registry-good/registry/claims.tsv	941d9b6daa3e3868d3557aac1d317e6aad452e7d
fixtures/registry-good/registry/dependencies.tsv	869e00d70ed21b0390654d9e3a09a896d8563ff3
fixtures/registry-good/registry/pages.tsv	b34c79ec5387ccd3448b9db9ca440b5782867ede
fixtures/registry-good/registry/phase.tsv	a7fb460de0ef8ebf5a7f73ee2c08f7217014757b
fixtures/registry-good/registry/slices.tsv	f1999187d3be0cb36fc553d2441a7b4d4db032d5
fixtures/registry-page-missing-coordinate/references/tasaki-2020.tsv	143e164485cef5015a4a6bb2dcd2e588be7fb85c
fixtures/registry-page-missing-coordinate/registry/axioms.tsv	c49b243296ecc684d88bd577ce05f98c4a737167
fixtures/registry-page-missing-coordinate/registry/bindings.tsv	31ed41e5cee5de5453572e2bc3f0dc8d19f1a16a
fixtures/registry-page-missing-coordinate/registry/claim-axioms.tsv	ca648188bc37ea3dc183e709fbe650fc8e733f20
fixtures/registry-page-missing-coordinate/registry/claims.tsv	b4c912355b44fc1ae28db7f20d6766f889afcd38
fixtures/registry-page-missing-coordinate/registry/dependencies.tsv	869e00d70ed21b0390654d9e3a09a896d8563ff3
fixtures/registry-page-missing-coordinate/registry/pages.tsv	f578a3d400f08709ae05a9ef2813223694ef2eda
fixtures/registry-page-missing-coordinate/registry/phase.tsv	a7fb460de0ef8ebf5a7f73ee2c08f7217014757b
fixtures/registry-page-missing-coordinate/registry/slices.tsv	7396548bca95bd383dce73e47c13dff5a778aa01
fixtures/registry-post-edition-pending/references/tasaki-2020.tsv	617b27a5ccf595c0bd1d4988b1a1af7df6195819
fixtures/registry-post-edition-pending/registry/axioms.tsv	c49b243296ecc684d88bd577ce05f98c4a737167
fixtures/registry-post-edition-pending/registry/bindings.tsv	31ed41e5cee5de5453572e2bc3f0dc8d19f1a16a
fixtures/registry-post-edition-pending/registry/claim-axioms.tsv	ca648188bc37ea3dc183e709fbe650fc8e733f20
fixtures/registry-post-edition-pending/registry/claims.tsv	b4c912355b44fc1ae28db7f20d6766f889afcd38
fixtures/registry-post-edition-pending/registry/dependencies.tsv	869e00d70ed21b0390654d9e3a09a896d8563ff3
fixtures/registry-post-edition-pending/registry/pages.tsv	b6a68f5985475b0ddaa9e2a2d7b82775cf6d1a28
fixtures/registry-post-edition-pending/registry/phase.tsv	a7fb460de0ef8ebf5a7f73ee2c08f7217014757b
fixtures/registry-post-edition-pending/registry/slices.tsv	7396548bca95bd383dce73e47c13dff5a778aa01
fixtures/registry-post-source-alternate/references/tasaki-2020.tsv	1a48b7e8bde5de298446a670b50052dfcf1401c1
fixtures/registry-post-source-alternate/registry/axioms.tsv	c49b243296ecc684d88bd577ce05f98c4a737167
fixtures/registry-post-source-alternate/registry/bindings.tsv	31ed41e5cee5de5453572e2bc3f0dc8d19f1a16a
fixtures/registry-post-source-alternate/registry/claim-axioms.tsv	ca648188bc37ea3dc183e709fbe650fc8e733f20
fixtures/registry-post-source-alternate/registry/claims.tsv	b4c912355b44fc1ae28db7f20d6766f889afcd38
fixtures/registry-post-source-alternate/registry/dependencies.tsv	869e00d70ed21b0390654d9e3a09a896d8563ff3
fixtures/registry-post-source-alternate/registry/pages.tsv	b6a68f5985475b0ddaa9e2a2d7b82775cf6d1a28
fixtures/registry-post-source-alternate/registry/phase.tsv	a7fb460de0ef8ebf5a7f73ee2c08f7217014757b
fixtures/registry-post-source-alternate/registry/slices.tsv	7396548bca95bd383dce73e47c13dff5a778aa01
fixtures/registry-post-source-missing/references/tasaki-2020.tsv	c98770b68a8c9d93d0bf987237c8f596a1db2036
fixtures/registry-post-source-missing/registry/axioms.tsv	c49b243296ecc684d88bd577ce05f98c4a737167
fixtures/registry-post-source-missing/registry/bindings.tsv	31ed41e5cee5de5453572e2bc3f0dc8d19f1a16a
fixtures/registry-post-source-missing/registry/claim-axioms.tsv	ca648188bc37ea3dc183e709fbe650fc8e733f20
fixtures/registry-post-source-missing/registry/claims.tsv	b4c912355b44fc1ae28db7f20d6766f889afcd38
fixtures/registry-post-source-missing/registry/dependencies.tsv	869e00d70ed21b0390654d9e3a09a896d8563ff3
fixtures/registry-post-source-missing/registry/pages.tsv	b6a68f5985475b0ddaa9e2a2d7b82775cf6d1a28
fixtures/registry-post-source-missing/registry/phase.tsv	a7fb460de0ef8ebf5a7f73ee2c08f7217014757b
fixtures/registry-post-source-missing/registry/slices.tsv	7396548bca95bd383dce73e47c13dff5a778aa01
fixtures/registry-remark-good/references/tasaki-2020.tsv	5744b3fd30cbfa7ee3999332bdee323d87bcc810
fixtures/registry-remark-good/registry/axioms.tsv	d51f26fe4ce015b58a1d8a80537b6e9d3f0f9d97
fixtures/registry-remark-good/registry/bindings.tsv	00bc8b3fe61626affe4cb9ff6128fa908542a219
fixtures/registry-remark-good/registry/claim-axioms.tsv	ca648188bc37ea3dc183e709fbe650fc8e733f20
fixtures/registry-remark-good/registry/claims.tsv	4cdb12619c1e983417079a6e48149cdb50f6e959
fixtures/registry-remark-good/registry/dependencies.tsv	869e00d70ed21b0390654d9e3a09a896d8563ff3
fixtures/registry-remark-good/registry/pages.tsv	2a5d0207ff1643580be4862231b2c3c842e0601d
fixtures/registry-remark-good/registry/phase.tsv	a7fb460de0ef8ebf5a7f73ee2c08f7217014757b
fixtures/registry-remark-good/registry/slices.tsv	f1999187d3be0cb36fc553d2441a7b4d4db032d5
fixtures/registry-slice-duplicate/references/tasaki-2020.tsv	5744b3fd30cbfa7ee3999332bdee323d87bcc810
fixtures/registry-slice-duplicate/registry/axioms.tsv	d51f26fe4ce015b58a1d8a80537b6e9d3f0f9d97
fixtures/registry-slice-duplicate/registry/bindings.tsv	1bd66c4ab085396af781c4e7768c257e5793dc7c
fixtures/registry-slice-duplicate/registry/claim-axioms.tsv	d6a6f0206eb81908b68c57b788835a76a8b16156
fixtures/registry-slice-duplicate/registry/claims.tsv	d8881156619f11e93af3b02d2f52f2b6544ed13f
fixtures/registry-slice-duplicate/registry/dependencies.tsv	869e00d70ed21b0390654d9e3a09a896d8563ff3
fixtures/registry-slice-duplicate/registry/pages.tsv	2a5d0207ff1643580be4862231b2c3c842e0601d
fixtures/registry-slice-duplicate/registry/phase.tsv	a7fb460de0ef8ebf5a7f73ee2c08f7217014757b
fixtures/registry-slice-duplicate/registry/slices.tsv	e16f5e76fa8370670ee76d83144caa7c5d12902d
fixtures/registry-slice-position/references/tasaki-2020.tsv	5744b3fd30cbfa7ee3999332bdee323d87bcc810
fixtures/registry-slice-position/registry/axioms.tsv	d51f26fe4ce015b58a1d8a80537b6e9d3f0f9d97
fixtures/registry-slice-position/registry/bindings.tsv	1bd66c4ab085396af781c4e7768c257e5793dc7c
fixtures/registry-slice-position/registry/claim-axioms.tsv	d6a6f0206eb81908b68c57b788835a76a8b16156
fixtures/registry-slice-position/registry/claims.tsv	d8881156619f11e93af3b02d2f52f2b6544ed13f
fixtures/registry-slice-position/registry/dependencies.tsv	869e00d70ed21b0390654d9e3a09a896d8563ff3
fixtures/registry-slice-position/registry/pages.tsv	2a5d0207ff1643580be4862231b2c3c842e0601d
fixtures/registry-slice-position/registry/phase.tsv	a7fb460de0ef8ebf5a7f73ee2c08f7217014757b
fixtures/registry-slice-position/registry/slices.tsv	be6071944cdb6cc5d4fe78b7aa7570088ffd67c3
fixtures/registry-source-bad-identity/references/tasaki-2020.tsv	026997d3c3c9418def2ba72bceb0d222ec034197
fixtures/registry-source-bad-identity/registry/axioms.tsv	c49b243296ecc684d88bd577ce05f98c4a737167
fixtures/registry-source-bad-identity/registry/bindings.tsv	31ed41e5cee5de5453572e2bc3f0dc8d19f1a16a
fixtures/registry-source-bad-identity/registry/claim-axioms.tsv	ca648188bc37ea3dc183e709fbe650fc8e733f20
fixtures/registry-source-bad-identity/registry/claims.tsv	b4c912355b44fc1ae28db7f20d6766f889afcd38
fixtures/registry-source-bad-identity/registry/dependencies.tsv	869e00d70ed21b0390654d9e3a09a896d8563ff3
fixtures/registry-source-bad-identity/registry/pages.tsv	b6a68f5985475b0ddaa9e2a2d7b82775cf6d1a28
fixtures/registry-source-bad-identity/registry/phase.tsv	0b9ef39cf76ffc6d13045deae99646b7dfebf75c
fixtures/registry-source-bad-identity/registry/slices.tsv	7396548bca95bd383dce73e47c13dff5a778aa01
fixtures/registry-source-duplicate/references/tasaki-2020.tsv	9982c7f3252fd7fb9cd79747e277dbfc4dc8c02b
fixtures/registry-source-duplicate/registry/axioms.tsv	c49b243296ecc684d88bd577ce05f98c4a737167
fixtures/registry-source-duplicate/registry/bindings.tsv	31ed41e5cee5de5453572e2bc3f0dc8d19f1a16a
fixtures/registry-source-duplicate/registry/claim-axioms.tsv	ca648188bc37ea3dc183e709fbe650fc8e733f20
fixtures/registry-source-duplicate/registry/claims.tsv	b4c912355b44fc1ae28db7f20d6766f889afcd38
fixtures/registry-source-duplicate/registry/dependencies.tsv	869e00d70ed21b0390654d9e3a09a896d8563ff3
fixtures/registry-source-duplicate/registry/pages.tsv	b6a68f5985475b0ddaa9e2a2d7b82775cf6d1a28
fixtures/registry-source-duplicate/registry/phase.tsv	0b9ef39cf76ffc6d13045deae99646b7dfebf75c
fixtures/registry-source-duplicate/registry/slices.tsv	7396548bca95bd383dce73e47c13dff5a778aa01
fixtures/registry-source-missing/references/tasaki-2020.tsv	c98770b68a8c9d93d0bf987237c8f596a1db2036
fixtures/registry-source-missing/registry/axioms.tsv	c49b243296ecc684d88bd577ce05f98c4a737167
fixtures/registry-source-missing/registry/bindings.tsv	31ed41e5cee5de5453572e2bc3f0dc8d19f1a16a
fixtures/registry-source-missing/registry/claim-axioms.tsv	ca648188bc37ea3dc183e709fbe650fc8e733f20
fixtures/registry-source-missing/registry/claims.tsv	b4c912355b44fc1ae28db7f20d6766f889afcd38
fixtures/registry-source-missing/registry/dependencies.tsv	869e00d70ed21b0390654d9e3a09a896d8563ff3
fixtures/registry-source-missing/registry/pages.tsv	b6a68f5985475b0ddaa9e2a2d7b82775cf6d1a28
fixtures/registry-source-missing/registry/phase.tsv	0b9ef39cf76ffc6d13045deae99646b7dfebf75c
fixtures/registry-source-missing/registry/slices.tsv	7396548bca95bd383dce73e47c13dff5a778aa01
fixtures/registry-source-mixed-width/references/tasaki-2020.tsv	c97469fd8c9fc6c4ed0fda6a404790b0911da082
fixtures/registry-source-mixed-width/registry/axioms.tsv	c49b243296ecc684d88bd577ce05f98c4a737167
fixtures/registry-source-mixed-width/registry/bindings.tsv	31ed41e5cee5de5453572e2bc3f0dc8d19f1a16a
fixtures/registry-source-mixed-width/registry/claim-axioms.tsv	ca648188bc37ea3dc183e709fbe650fc8e733f20
fixtures/registry-source-mixed-width/registry/claims.tsv	b4c912355b44fc1ae28db7f20d6766f889afcd38
fixtures/registry-source-mixed-width/registry/dependencies.tsv	869e00d70ed21b0390654d9e3a09a896d8563ff3
fixtures/registry-source-mixed-width/registry/pages.tsv	b6a68f5985475b0ddaa9e2a2d7b82775cf6d1a28
fixtures/registry-source-mixed-width/registry/phase.tsv	a7fb460de0ef8ebf5a7f73ee2c08f7217014757b
fixtures/registry-source-mixed-width/registry/slices.tsv	7396548bca95bd383dce73e47c13dff5a778aa01
fixtures/registry-supersession-cycle/references/tasaki-2020.tsv	5744b3fd30cbfa7ee3999332bdee323d87bcc810
fixtures/registry-supersession-cycle/registry/axioms.tsv	d51f26fe4ce015b58a1d8a80537b6e9d3f0f9d97
fixtures/registry-supersession-cycle/registry/bindings.tsv	9fbccec7a2ed2be8a83fbb0b7de0306865f27f32
fixtures/registry-supersession-cycle/registry/claim-axioms.tsv	ca648188bc37ea3dc183e709fbe650fc8e733f20
fixtures/registry-supersession-cycle/registry/claims.tsv	36a7ab9a1c4efe27b8e4c6349273051665dce544
fixtures/registry-supersession-cycle/registry/dependencies.tsv	869e00d70ed21b0390654d9e3a09a896d8563ff3
fixtures/registry-supersession-cycle/registry/pages.tsv	2a5d0207ff1643580be4862231b2c3c842e0601d
fixtures/registry-supersession-cycle/registry/phase.tsv	a7fb460de0ef8ebf5a7f73ee2c08f7217014757b
fixtures/registry-supersession-cycle/registry/slices.tsv	7396548bca95bd383dce73e47c13dff5a778aa01
fixtures/registry-supersession-good/references/tasaki-2020.tsv	5744b3fd30cbfa7ee3999332bdee323d87bcc810
fixtures/registry-supersession-good/registry/axioms.tsv	d51f26fe4ce015b58a1d8a80537b6e9d3f0f9d97
fixtures/registry-supersession-good/registry/bindings.tsv	9fbccec7a2ed2be8a83fbb0b7de0306865f27f32
fixtures/registry-supersession-good/registry/claim-axioms.tsv	ca648188bc37ea3dc183e709fbe650fc8e733f20
fixtures/registry-supersession-good/registry/claims.tsv	64459808875ec989db19c2c611d6555907206d91
fixtures/registry-supersession-good/registry/dependencies.tsv	869e00d70ed21b0390654d9e3a09a896d8563ff3
fixtures/registry-supersession-good/registry/pages.tsv	2a5d0207ff1643580be4862231b2c3c842e0601d
fixtures/registry-supersession-good/registry/phase.tsv	a7fb460de0ef8ebf5a7f73ee2c08f7217014757b
fixtures/registry-supersession-good/registry/slices.tsv	ac7f7c02557343851324662abc463459432151a4
fixtures/registry-supersession-incoherent/references/tasaki-2020.tsv	5744b3fd30cbfa7ee3999332bdee323d87bcc810
fixtures/registry-supersession-incoherent/registry/axioms.tsv	d51f26fe4ce015b58a1d8a80537b6e9d3f0f9d97
fixtures/registry-supersession-incoherent/registry/bindings.tsv	9fbccec7a2ed2be8a83fbb0b7de0306865f27f32
fixtures/registry-supersession-incoherent/registry/claim-axioms.tsv	ca648188bc37ea3dc183e709fbe650fc8e733f20
fixtures/registry-supersession-incoherent/registry/claims.tsv	19bc1208370fc41fc88896d123f3c3ed519c1e0e
fixtures/registry-supersession-incoherent/registry/dependencies.tsv	869e00d70ed21b0390654d9e3a09a896d8563ff3
fixtures/registry-supersession-incoherent/registry/pages.tsv	2a5d0207ff1643580be4862231b2c3c842e0601d
fixtures/registry-supersession-incoherent/registry/phase.tsv	a7fb460de0ef8ebf5a7f73ee2c08f7217014757b
fixtures/registry-supersession-incoherent/registry/slices.tsv	d20b7d75f553a002c1ed5b250cc9696fa8f2e645
fixtures/registry-supersession-missing-rationale/references/tasaki-2020.tsv	5744b3fd30cbfa7ee3999332bdee323d87bcc810
fixtures/registry-supersession-missing-rationale/registry/axioms.tsv	d51f26fe4ce015b58a1d8a80537b6e9d3f0f9d97
fixtures/registry-supersession-missing-rationale/registry/bindings.tsv	9fbccec7a2ed2be8a83fbb0b7de0306865f27f32
fixtures/registry-supersession-missing-rationale/registry/claim-axioms.tsv	ca648188bc37ea3dc183e709fbe650fc8e733f20
fixtures/registry-supersession-missing-rationale/registry/claims.tsv	75ac361089540ce58fe0c210395a5492ac5f91d2
fixtures/registry-supersession-missing-rationale/registry/dependencies.tsv	869e00d70ed21b0390654d9e3a09a896d8563ff3
fixtures/registry-supersession-missing-rationale/registry/pages.tsv	2a5d0207ff1643580be4862231b2c3c842e0601d
fixtures/registry-supersession-missing-rationale/registry/phase.tsv	a7fb460de0ef8ebf5a7f73ee2c08f7217014757b
fixtures/registry-supersession-missing-rationale/registry/slices.tsv	ac7f7c02557343851324662abc463459432151a4
fixtures/registry-supersession-missing-review/references/tasaki-2020.tsv	5744b3fd30cbfa7ee3999332bdee323d87bcc810
fixtures/registry-supersession-missing-review/registry/axioms.tsv	d51f26fe4ce015b58a1d8a80537b6e9d3f0f9d97
fixtures/registry-supersession-missing-review/registry/bindings.tsv	9fbccec7a2ed2be8a83fbb0b7de0306865f27f32
fixtures/registry-supersession-missing-review/registry/claim-axioms.tsv	ca648188bc37ea3dc183e709fbe650fc8e733f20
fixtures/registry-supersession-missing-review/registry/claims.tsv	e1702f7747138ef10c4934d2dde0894222438cb7
fixtures/registry-supersession-missing-review/registry/dependencies.tsv	869e00d70ed21b0390654d9e3a09a896d8563ff3
fixtures/registry-supersession-missing-review/registry/pages.tsv	2a5d0207ff1643580be4862231b2c3c842e0601d
fixtures/registry-supersession-missing-review/registry/phase.tsv	a7fb460de0ef8ebf5a7f73ee2c08f7217014757b
fixtures/registry-supersession-missing-review/registry/slices.tsv	ac7f7c02557343851324662abc463459432151a4
fixtures/registry-supersession-self/references/tasaki-2020.tsv	5744b3fd30cbfa7ee3999332bdee323d87bcc810
fixtures/registry-supersession-self/registry/axioms.tsv	d51f26fe4ce015b58a1d8a80537b6e9d3f0f9d97
fixtures/registry-supersession-self/registry/bindings.tsv	00bc8b3fe61626affe4cb9ff6128fa908542a219
fixtures/registry-supersession-self/registry/claim-axioms.tsv	ca648188bc37ea3dc183e709fbe650fc8e733f20
fixtures/registry-supersession-self/registry/claims.tsv	775caf5913e84a1b995f3bd22a13010595d85e63
fixtures/registry-supersession-self/registry/dependencies.tsv	869e00d70ed21b0390654d9e3a09a896d8563ff3
fixtures/registry-supersession-self/registry/pages.tsv	2a5d0207ff1643580be4862231b2c3c842e0601d
fixtures/registry-supersession-self/registry/phase.tsv	a7fb460de0ef8ebf5a7f73ee2c08f7217014757b
fixtures/registry-supersession-self/registry/slices.tsv	7396548bca95bd383dce73e47c13dff5a778aa01
fixtures/tree-fake-bypass/tracked-files.txt	b43bf86b50fd8d3529a0dc062c30006ed38f309e
fixtures/tree-unexpected/tracked-files.txt	db30f88e631dd3fdd87df926082ea75ce396761d
fixtures/tree-unlisted/tracked-files.txt	409ba0e063936e7787a9ecf479651036768546c8
